{
  "config": {
    "run_name": "test_run",
    "out_dir": "./results",
    "seed": 42,
    "device": null,
    "bs_train": 50,
    "bs_test": 12,
    "batches": 10,
    "epochs": 10,
    "early_stopping": 5,
    "checkpoints": null,
    "lr": 0.001,
    "reg": 0.001,
    "filters_per_layer": [
      32
    ],
    "pool_every": 3,
    "hidden_dims": [
      100
    ],
    "model_type": "cnn",
    "kw": {},
    "layers_per_block": 2
  },
  "results": {
    "num_epochs": 10,
    "train_loss": [
      1.5001691579818726,
      1.223009705543518,
      1.1214993000030518,
      1.0554790496826172,
      0.9965763688087463,
      0.9439024925231934,
      0.9075403213500977,
      0.8619154691696167,
      0.8193621039390564,
      0.7874285578727722
    ],
    "train_acc": [
      45.728,
      56.532,
      60.24,
      62.422,
      64.422,
      66.824,
      68.01,
      69.472,
      71.114,
      72.026
    ],
    "test_loss": [
      1.268553732110442,
      1.2217858619183946,
      1.1246037194840341,
      1.0801497971196827,
      1.0621478730540195,
      1.0624386890471982,
      1.0177449733197546,
      1.0230608260531506,
      1.016721163025434,
      1.0258468752927918
    ],
    "test_acc": [
      54.66,
      56.08,
      59.97,
      61.64,
      62.8,
      61.62,
      64.09,
      64.13,
      64.31,
      64.62
    ]
  }
}