{
  "config": {
    "run_name": "exp1_2",
    "out_dir": "./results",
    "seed": 42,
    "device": null,
    "bs_train": 50,
    "bs_test": 12,
    "batches": 10,
    "epochs": 10,
    "early_stopping": 5,
    "checkpoints": null,
    "lr": 0.001,
    "reg": 0.001,
    "filters_per_layer": [
      256
    ],
    "pool_every": 3,
    "hidden_dims": [
      100
    ],
    "model_type": "cnn",
    "kw": {},
    "layers_per_block": 2
  },
  "results": {
    "num_epochs": 10,
    "train_loss": [
      1.5774074792861938,
      1.326663851737976,
      1.2320797443389893,
      1.164252519607544,
      1.1006081104278564,
      1.048539161682129,
      0.9964227676391602,
      0.9509034156799316,
      0.9010600447654724,
      0.8602168560028076
    ],
    "train_acc": [
      43.566,
      52.502,
      55.95,
      58.106,
      60.336,
      62.32,
      64.138,
      65.822,
      67.54,
      69.11
    ],
    "test_loss": [
      1.3875928567610771,
      1.2844896713177936,
      1.283021644079428,
      1.228124789697089,
      1.1666806165477355,
      1.1839187996064444,
      1.116764908911084,
      1.1327711528868412,
      1.1310393467223903,
      1.1213051653522954
    ],
    "test_acc": [
      49.67,
      53.51,
      53.76,
      55.83,
      58.25,
      57.23,
      60.64,
      59.75,
      60.45,
      60.79
    ]
  }
}