{
  "config": {
    "run_name": "exp1_2",
    "out_dir": "./results",
    "seed": 42,
    "device": null,
    "bs_train": 50,
    "bs_test": 12,
    "batches": 10,
    "epochs": 10,
    "early_stopping": 5,
    "checkpoints": null,
    "lr": 0.001,
    "reg": 0.001,
    "filters_per_layer": [
      32
    ],
    "pool_every": 3,
    "hidden_dims": [
      100
    ],
    "model_type": "cnn",
    "kw": {},
    "layers_per_block": 4
  },
  "results": {
    "num_epochs": 10,
    "train_loss": [
      1.5802701711654663,
      1.2569657564163208,
      1.0696033239364624,
      0.9421961903572083,
      0.8544285893440247,
      0.7821735143661499,
      0.7258948683738708,
      0.6662508845329285,
      0.6172747015953064,
      0.5734137892723083
    ],
    "train_acc": [
      42.11,
      54.956,
      62.042,
      66.724,
      69.652,
      72.444,
      74.528,
      76.42,
      78.112,
      79.774
    ],
    "test_loss": [
      1.3683726106473295,
      1.1636478467810927,
      1.062941648083911,
      0.9411077889428436,
      0.9139028633062503,
      0.9083871688845632,
      0.8927019595456638,
      0.926775629759478,
      0.9403820989086188,
      0.9797109212431547
    ],
    "test_acc": [
      50.85,
      57.71,
      61.92,
      66.96,
      67.6,
      68.33,
      69.05,
      68.46,
      68.38,
      67.62
    ]
  }
}