{
  "config": {
    "run_name": "exp1_2",
    "out_dir": "./results",
    "seed": 42,
    "device": null,
    "bs_train": 50,
    "bs_test": 12,
    "batches": 10,
    "epochs": 10,
    "early_stopping": 5,
    "checkpoints": null,
    "lr": 0.001,
    "reg": 0.001,
    "filters_per_layer": [
      128
    ],
    "pool_every": 3,
    "hidden_dims": [
      100
    ],
    "model_type": "cnn",
    "kw": {},
    "layers_per_block": 4
  },
  "results": {
    "num_epochs": 10,
    "train_loss": [
      1.524472951889038,
      1.0646448135375977,
      0.8979591727256775,
      0.7895444631576538,
      0.7050222158432007,
      0.6368632316589355,
      0.5781155824661255,
      0.5328266620635986,
      0.4843062162399292,
      0.44455188512802124
    ],
    "train_acc": [
      44.562,
      62.256,
      68.628,
      72.134,
      75.096,
      77.544,
      79.81,
      81.254,
      82.936,
      84.082
    ],
    "test_loss": [
      1.180932880698634,
      0.9750778676151372,
      0.8943530793348662,
      0.8386492107322605,
      0.8648664805618265,
      0.8703939127657625,
      0.8415404523162248,
      0.8437638690235089,
      0.861258883395498,
      0.8973780623179295
    ],
    "test_acc": [
      57.43,
      65.71,
      68.44,
      70.1,
      69.64,
      70.44,
      71.55,
      71.07,
      71.86,
      70.99
    ]
  }
}