{
  "config": {
    "run_name": "exp1_2",
    "out_dir": "./results",
    "seed": 42,
    "device": null,
    "bs_train": 50,
    "bs_test": 12,
    "batches": 10,
    "epochs": 10,
    "early_stopping": 5,
    "checkpoints": null,
    "lr": 0.001,
    "reg": 0.001,
    "filters_per_layer": [
      32
    ],
    "pool_every": 3,
    "hidden_dims": [
      100
    ],
    "model_type": "cnn",
    "kw": {},
    "layers_per_block": 8
  },
  "results": {
    "num_epochs": 5,
    "train_loss": [
      2.3030989170074463,
      2.302816867828369,
      2.3027632236480713,
      2.3027901649475098,
      2.3027255535125732
    ],
    "train_acc": [
      9.938,
      9.774,
      9.824,
      9.832,
      9.874
    ],
    "test_loss": [
      2.30272418989552,
      2.3026362551773767,
      2.3026286823858175,
      2.302613577110876,
      2.30264589283392
    ],
    "test_acc": [
      10.0,
      10.0,
      10.0,
      10.0,
      10.0
    ]
  }
}