{
  "config": {
    "run_name": "exp1_2",
    "out_dir": "./results",
    "seed": 42,
    "device": null,
    "bs_train": 50,
    "bs_test": 12,
    "batches": 10,
    "epochs": 10,
    "early_stopping": 5,
    "checkpoints": null,
    "lr": 0.001,
    "reg": 0.001,
    "filters_per_layer": [
      32
    ],
    "pool_every": 5,
    "hidden_dims": [
      100
    ],
    "model_type": "cnn",
    "kw": {},
    "layers_per_block": 2
  },
  "results": {
    "num_epochs": 10,
    "train_loss": [
      1.498571515083313,
      1.2348448038101196,
      1.135504126548767,
      1.0617499351501465,
      0.9966443181037903,
      0.9460974931716919,
      0.9090955853462219,
      0.8638531565666199,
      0.8244426846504211,
      0.7943410873413086
    ],
    "train_acc": [
      45.9,
      55.842,
      59.56,
      62.202,
      64.514,
      66.214,
      67.798,
      69.416,
      70.816,
      71.694
    ],
    "test_loss": [
      1.2698224170102204,
      1.2207688036010707,
      1.118581754126423,
      1.074815354580216,
      1.0511606715137152,
      1.0378454293993165,
      1.0326855116003424,
      1.0654859838725852,
      1.0252631986848741,
      1.0340881538655546
    ],
    "test_acc": [
      54.75,
      56.41,
      60.17,
      61.57,
      62.97,
      63.3,
      64.01,
      62.19,
      64.03,
      64.6
    ]
  }
}