{
  "config": {
    "run_name": "exp1_4",
    "out_dir": "./results",
    "seed": 42,
    "device": null,
    "bs_train": 50,
    "bs_test": 12,
    "batches": 10,
    "epochs": 10,
    "early_stopping": 5,
    "checkpoints": null,
    "lr": 0.001,
    "reg": 0.001,
    "filters_per_layer": [
      64,
      128,
      256
    ],
    "pool_every": 5,
    "hidden_dims": [
      100
    ],
    "model_type": "resnet",
    "kw": {},
    "layers_per_block": 4
  },
  "results": {
    "num_epochs": 10,
    "train_loss": [
      1.604726791381836,
      1.254978060722351,
      1.058223843574524,
      0.9412109851837158,
      0.8480290174484253,
      0.7915903329849243,
      0.7308321595191956,
      0.6891338229179382,
      0.643950879573822,
      0.6126338839530945
    ],
    "train_acc": [
      41.518,
      54.82,
      62.362,
      66.816,
      70.112,
      72.042,
      74.238,
      75.654,
      77.208,
      78.3
    ],
    "test_loss": [
      1.347061336755181,
      1.1254112756223702,
      1.0359838334419174,
      0.92629490092361,
      0.8837184500065353,
      0.8637596536561739,
      0.8323013601954178,
      0.7646227147903659,
      0.7857659822977561,
      0.7362965581943092
    ],
    "test_acc": [
      51.17,
      59.66,
      63.25,
      67.03,
      68.74,
      69.65,
      71.47,
      73.94,
      71.86,
      74.58
    ]
  }
}