{
  "config": {
    "run_name": "exp1_2",
    "out_dir": "./results",
    "seed": 42,
    "device": null,
    "bs_train": 50,
    "bs_test": 12,
    "batches": 10,
    "epochs": 10,
    "early_stopping": 5,
    "checkpoints": null,
    "lr": 0.001,
    "reg": 0.001,
    "filters_per_layer": [
      256
    ],
    "pool_every": 3,
    "hidden_dims": [
      100
    ],
    "model_type": "cnn",
    "kw": {},
    "layers_per_block": 4
  },
  "results": {
    "num_epochs": 10,
    "train_loss": [
      1.5444984436035156,
      1.1059077978134155,
      0.9033631086349487,
      0.7822326421737671,
      0.7056137919425964,
      0.6398686766624451,
      0.5805864334106445,
      0.5325125455856323,
      0.4863757789134979,
      0.43901360034942627
    ],
    "train_acc": [
      43.796,
      60.658,
      68.022,
      72.45,
      75.198,
      77.602,
      79.504,
      81.264,
      82.694,
      84.57
    ],
    "test_loss": [
      1.215228970638282,
      0.9798255907259971,
      0.8896962282844156,
      0.8519131167829751,
      0.8454611345643192,
      0.7799317043730252,
      0.8015145891093665,
      0.791807641465065,
      0.8230588072933239,
      0.8815461201749617
    ],
    "test_acc": [
      55.53,
      64.88,
      68.56,
      70.27,
      70.6,
      72.89,
      72.56,
      73.52,
      72.32,
      71.83
    ]
  }
}