{
  "config": {
    "run_name": "exp1_2",
    "out_dir": "./results",
    "seed": 42,
    "device": null,
    "bs_train": 50,
    "bs_test": 12,
    "batches": 10,
    "epochs": 10,
    "early_stopping": 5,
    "checkpoints": null,
    "lr": 0.001,
    "reg": 0.001,
    "filters_per_layer": [
      256
    ],
    "pool_every": 5,
    "hidden_dims": [
      100
    ],
    "model_type": "cnn",
    "kw": {},
    "layers_per_block": 2
  },
  "results": {
    "num_epochs": 10,
    "train_loss": [
      1.6384879350662231,
      1.4192900657653809,
      1.3336143493652344,
      1.2674566507339478,
      1.2189682722091675,
      1.176737904548645,
      1.1417378187179565,
      1.1037535667419434,
      1.0751794576644897,
      1.0501396656036377
    ],
    "train_acc": [
      41.41,
      49.182,
      51.904,
      54.248,
      56.108,
      57.724,
      58.994,
      60.56,
      61.382,
      62.57
    ],
    "test_loss": [
      1.4706066380158889,
      1.369607870384372,
      1.3477415875565233,
      1.3067045655253409,
      1.276749215609164,
      1.2694715414044382,
      1.2529383386424977,
      1.2256895760051925,
      1.2140860199856816,
      1.2196951569270174
    ],
    "test_acc": [
      46.83,
      50.62,
      51.8,
      53.0,
      53.64,
      53.91,
      54.57,
      55.75,
      56.88,
      55.95
    ]
  }
}