{
  "config": {
    "run_name": "exp1_4",
    "out_dir": "./results",
    "seed": 42,
    "device": null,
    "bs_train": 128,
    "bs_test": 32,
    "batches": 50,
    "epochs": 20,
    "early_stopping": 5,
    "checkpoints": null,
    "lr": 0.001,
    "reg": 0.001,
    "filters_per_layer": [
      64,
      128,
      256,
      512
    ],
    "pool_every": 5,
    "hidden_dims": [
      100
    ],
    "model_type": "resnet",
    "kw": {},
    "layers_per_block": 3
  },
  "results": {
    "num_epochs": 20,
    "train_loss": [
      1.5695644617080688,
      1.2225496768951416,
      1.0233855247497559,
      0.8863709568977356,
      0.799662172794342,
      0.7191795110702515,
      0.6692461371421814,
      0.6146363615989685,
      0.5582523941993713,
      0.5437543392181396,
      0.472808301448822,
      0.4241963326931,
      0.3793953061103821,
      0.34008893370628357,
      0.31380367279052734,
      0.28273552656173706,
      0.25697070360183716,
      0.23261915147304535,
      0.2104523628950119,
      0.19979600608348846
    ],
    "train_acc": [
      42.874,
      56.026,
      63.642,
      68.476,
      71.662,
      74.606,
      76.582,
      78.512,
      80.354,
      81.046,
      83.416,
      84.996,
      86.61,
      87.926,
      88.936,
      89.984,
      90.728,
      91.714,
      92.524,
      92.886
    ],
    "test_loss": [
      1.3009866952134397,
      1.1232213442698835,
      0.9745745213267902,
      0.8890904862278948,
      0.7983523523464752,
      0.7736186241379942,
      0.774812140403845,
      0.7435323829277636,
      0.7254597573234631,
      0.7339253642212469,
      0.703567403097884,
      0.7025899393870808,
      0.716228248545537,
      0.7122484671707732,
      0.71049120836555,
      0.7283977913780334,
      0.7494815261885762,
      0.7391444456082182,
      0.7644507683599338,
      0.8070450285181832
    ],
    "test_acc": [
      52.87,
      59.64,
      65.94,
      68.42,
      72.05,
      73.33,
      72.37,
      74.08,
      75.01,
      75.25,
      76.89,
      76.27,
      76.75,
      77.03,
      77.33,
      77.18,
      77.54,
      77.6,
      77.66,
      76.86
    ]
  }
}