{
  "config": {
    "run_name": "exp1_4",
    "out_dir": "./results",
    "seed": 42,
    "device": null,
    "bs_train": 50,
    "bs_test": 12,
    "batches": 10,
    "epochs": 10,
    "early_stopping": 5,
    "checkpoints": null,
    "lr": 0.001,
    "reg": 0.001,
    "filters_per_layer": [
      32
    ],
    "pool_every": 10,
    "hidden_dims": [
      100
    ],
    "model_type": "resnet",
    "kw": {},
    "layers_per_block": 32
  },
  "results": {
    "num_epochs": 10,
    "train_loss": [
      1.806540608406067,
      1.5605945587158203,
      1.4680721759796143,
      1.4153590202331543,
      1.3727856874465942,
      1.3446412086486816,
      1.3132071495056152,
      1.28218674659729,
      1.257542371749878,
      1.238747000694275
    ],
    "train_acc": [
      33.648,
      43.226,
      46.614,
      48.636,
      50.31,
      51.728,
      52.802,
      53.984,
      54.958,
      55.452
    ],
    "test_loss": [
      1.6058956266021271,
      1.4942322005327944,
      1.4088141801688883,
      1.3865316120697726,
      1.339845715595378,
      1.3323388316934344,
      1.3059116574071294,
      1.2790124089740735,
      1.2692558959805422,
      1.2516658702414099
    ],
    "test_acc": [
      41.02,
      46.29,
      49.17,
      49.75,
      51.88,
      52.38,
      53.62,
      54.45,
      54.96,
      54.96
    ]
  }
}