{
  "config": {
    "run_name": "exp1_2",
    "out_dir": "./results",
    "seed": 42,
    "device": null,
    "bs_train": 50,
    "bs_test": 12,
    "batches": 10,
    "epochs": 10,
    "early_stopping": 5,
    "checkpoints": null,
    "lr": 0.001,
    "reg": 0.001,
    "filters_per_layer": [
      32
    ],
    "pool_every": 3,
    "hidden_dims": [
      100
    ],
    "model_type": "cnn",
    "kw": {},
    "layers_per_block": 2
  },
  "results": {
    "num_epochs": 10,
    "train_loss": [
      1.4998754262924194,
      1.2185523509979248,
      1.1077086925506592,
      1.0315073728561401,
      0.9663494229316711,
      0.91520756483078,
      0.8762211203575134,
      0.8353305459022522,
      0.7927181720733643,
      0.7598042488098145
    ],
    "train_acc": [
      45.93,
      56.518,
      60.58,
      63.142,
      65.656,
      67.734,
      68.998,
      70.548,
      72.02,
      72.932
    ],
    "test_loss": [
      1.2691749472269338,
      1.2197497264801456,
      1.1239730818666143,
      1.0630830230472756,
      1.0464493037163496,
      1.0703276873206635,
      1.0076030086842087,
      1.030709584982847,
      1.0152976706945638,
      1.0299516715270152
    ],
    "test_acc": [
      54.47,
      55.93,
      59.92,
      62.15,
      63.17,
      62.0,
      64.61,
      63.74,
      64.48,
      64.3
    ]
  }
}