{
  "config": {
    "run_name": "test_run",
    "out_dir": "./results",
    "seed": 42,
    "device": null,
    "bs_train": 50,
    "bs_test": 12,
    "batches": 10,
    "epochs": 10,
    "early_stopping": 5,
    "checkpoints": null,
    "lr": 0.001,
    "reg": 0.001,
    "filters_per_layer": [
      32
    ],
    "pool_every": 3,
    "hidden_dims": [
      100
    ],
    "model_type": "cnn",
    "kw": {},
    "layers_per_block": 4
  },
  "results": {
    "num_epochs": 10,
    "train_loss": [
      1.5732176303863525,
      1.264281988143921,
      1.0978660583496094,
      0.963991641998291,
      0.8671879768371582,
      0.7850456833839417,
      0.7225499749183655,
      0.6720080971717834,
      0.6268841624259949,
      0.5825314521789551
    ],
    "train_acc": [
      42.634,
      54.442,
      60.742,
      65.884,
      69.34,
      72.358,
      74.388,
      76.008,
      77.774,
      79.304
    ],
    "test_loss": [
      1.3624566645502187,
      1.1918920695924644,
      1.1178230799430853,
      0.9710532406644283,
      0.9299092223461297,
      0.891281426158383,
      0.9087801285499005,
      0.8873400175028282,
      0.9176968502269375,
      0.9477276897919978
    ],
    "test_acc": [
      50.92,
      56.8,
      59.7,
      65.55,
      67.47,
      68.94,
      68.54,
      69.45,
      68.64,
      69.41
    ]
  }
}