{
  "config": {
    "run_name": "exp1_3",
    "out_dir": "./results",
    "seed": 42,
    "device": null,
    "bs_train": 50,
    "bs_test": 12,
    "batches": 10,
    "epochs": 10,
    "early_stopping": 5,
    "checkpoints": null,
    "lr": 0.001,
    "reg": 0.001,
    "filters_per_layer": [
      64,
      128,
      256
    ],
    "pool_every": 5,
    "hidden_dims": [
      100
    ],
    "model_type": "cnn",
    "kw": {},
    "layers_per_block": 1
  },
  "results": {
    "num_epochs": 10,
    "train_loss": [
      1.4412074089050293,
      1.1343203783035278,
      0.993582546710968,
      0.9087844491004944,
      0.8383107781410217,
      0.78645920753479,
      0.7349902987480164,
      0.6937886476516724,
      0.6457306742668152,
      0.6051130890846252
    ],
    "train_acc": [
      48.074,
      59.628,
      64.812,
      67.966,
      70.504,
      72.27,
      74.1,
      75.436,
      76.974,
      78.432
    ],
    "test_loss": [
      1.243093595587664,
      1.076919508441318,
      0.9669319245812419,
      0.9057588409766447,
      0.9059257038848864,
      0.9214861871009108,
      0.9055469498860178,
      0.933314076153566,
      0.868580942468749,
      0.9127067943020977
    ],
    "test_acc": [
      54.94,
      61.85,
      66.26,
      67.85,
      68.23,
      67.73,
      68.45,
      68.03,
      70.1,
      69.55
    ]
  }
}