{
  "config": {
    "run_name": "exp1_4",
    "out_dir": "./results",
    "seed": 42,
    "device": null,
    "bs_train": 50,
    "bs_test": 12,
    "batches": 10,
    "epochs": 10,
    "early_stopping": 5,
    "checkpoints": null,
    "lr": 0.001,
    "reg": 0.001,
    "filters_per_layer": [
      64,
      128,
      256
    ],
    "pool_every": 5,
    "hidden_dims": [
      100
    ],
    "model_type": "resnet",
    "kw": {},
    "layers_per_block": 2
  },
  "results": {
    "num_epochs": 10,
    "train_loss": [
      1.5382907390594482,
      1.2024791240692139,
      1.0378475189208984,
      0.9111014008522034,
      0.8220800161361694,
      0.7550233006477356,
      0.7049468755722046,
      0.663547694683075,
      0.6200260519981384,
      0.5820600390434265
    ],
    "train_acc": [
      44.682,
      57.202,
      63.102,
      67.732,
      70.956,
      73.382,
      75.094,
      76.354,
      77.986,
      79.212
    ],
    "test_loss": [
      1.2974025747901816,
      1.1998359372289917,
      0.9944598537376172,
      0.9296913757670126,
      0.9371662098440907,
      0.8591587519188293,
      0.8534595135161631,
      0.8651353280357034,
      0.8835785088868593,
      0.8922181628483663
    ],
    "test_acc": [
      53.58,
      56.57,
      65.1,
      67.18,
      67.15,
      70.16,
      70.41,
      69.86,
      69.91,
      69.56
    ]
  }
}