{
  "config": {
    "run_name": "exp1_4",
    "out_dir": "./results",
    "seed": 42,
    "device": null,
    "bs_train": 50,
    "bs_test": 12,
    "batches": 10,
    "epochs": 10,
    "early_stopping": 5,
    "checkpoints": null,
    "lr": 0.001,
    "reg": 0.001,
    "filters_per_layer": [
      32
    ],
    "pool_every": 5,
    "hidden_dims": [
      100
    ],
    "model_type": "resnet",
    "kw": {},
    "layers_per_block": 8
  },
  "results": {
    "num_epochs": 10,
    "train_loss": [
      1.5749375820159912,
      1.2654434442520142,
      1.132127046585083,
      1.017543911933899,
      0.9345436096191406,
      0.8678664565086365,
      0.808892548084259,
      0.7621362805366516,
      0.7191709876060486,
      0.6753634810447693
    ],
    "train_acc": [
      42.71,
      54.316,
      59.456,
      63.588,
      67.126,
      69.57,
      71.386,
      73.084,
      74.552,
      75.874
    ],
    "test_loss": [
      1.3360966391128888,
      1.3011466949034651,
      1.0825033559859227,
      0.9803610479088424,
      0.9772331862391042,
      0.9164378588005222,
      0.9060085487397883,
      0.8969062240682631,
      0.8346892102159185,
      0.9008281311149792
    ],
    "test_acc": [
      51.53,
      54.38,
      61.22,
      65.02,
      64.95,
      67.36,
      67.82,
      68.67,
      70.12,
      68.94
    ]
  }
}