{
  "config": {
    "run_name": "exp1_2",
    "out_dir": "./results",
    "seed": 42,
    "device": null,
    "bs_train": 50,
    "bs_test": 12,
    "batches": 10,
    "epochs": 10,
    "early_stopping": 5,
    "checkpoints": null,
    "lr": 0.001,
    "reg": 0.001,
    "filters_per_layer": [
      32
    ],
    "pool_every": 5,
    "hidden_dims": [
      100
    ],
    "model_type": "cnn",
    "kw": {},
    "layers_per_block": 4
  },
  "results": {
    "num_epochs": 10,
    "train_loss": [
      1.597952127456665,
      1.2838380336761475,
      1.1478102207183838,
      1.074369192123413,
      1.0122694969177246,
      0.9685012102127075,
      0.9171206951141357,
      0.8695610761642456,
      0.8249385356903076,
      0.7787074446678162
    ],
    "train_acc": [
      42.22,
      54.078,
      59.084,
      61.95,
      64.286,
      65.604,
      67.328,
      69.268,
      70.58,
      72.392
    ],
    "test_loss": [
      1.3756471256986798,
      1.2518055820993954,
      1.1295019457523199,
      1.047684030960218,
      1.078005347213299,
      1.016518305209901,
      1.0460381592563588,
      0.9779502831274371,
      1.0294955682268532,
      0.9551409289633913
    ],
    "test_acc": [
      49.7,
      55.56,
      59.98,
      62.82,
      61.38,
      63.92,
      62.86,
      65.13,
      63.41,
      66.29
    ]
  }
}