{
  "config": {
    "run_name": "exp1_4",
    "out_dir": "./results",
    "seed": 42,
    "device": null,
    "bs_train": 128,
    "bs_test": 32,
    "batches": 50,
    "epochs": 20,
    "early_stopping": 5,
    "checkpoints": null,
    "lr": 0.001,
    "reg": 0.001,
    "filters_per_layer": [
      32,
      64,
      128
    ],
    "pool_every": 5,
    "hidden_dims": [
      100
    ],
    "model_type": "resnet",
    "kw": {},
    "layers_per_block": 3
  },
  "results": {
    "num_epochs": 17,
    "train_loss": [
      1.5707863569259644,
      1.2524358034133911,
      1.101441502571106,
      0.9941586256027222,
      0.8969441056251526,
      0.821284830570221,
      0.7373517751693726,
      0.6719027757644653,
      0.6027025580406189,
      0.5537520051002502,
      0.49272748827934265,
      0.4343758821487427,
      0.3761880099773407,
      0.3341914117336273,
      0.2897416949272156,
      0.26317405700683594,
      0.24326545000076294
    ],
    "train_acc": [
      43.298,
      54.834,
      60.762,
      64.738,
      68.45,
      70.966,
      74.106,
      76.316,
      78.778,
      80.392,
      82.662,
      84.466,
      86.538,
      88.086,
      89.822,
      90.826,
      91.518
    ],
    "test_loss": [
      1.3258534329006086,
      1.2160744790832836,
      1.0685949533130414,
      1.0388268316134859,
      0.9534493952323073,
      0.9022221014903377,
      0.8540711315295186,
      0.8749663325163503,
      0.8363484162301682,
      0.81218297412982,
      0.868718407310236,
      0.8526840577491175,
      0.8728544952008671,
      0.9087057676368628,
      0.9690276509085403,
      1.0534597612417544,
      1.0387754207030653
    ],
    "test_acc": [
      51.68,
      56.57,
      62.03,
      62.87,
      66.68,
      68.32,
      70.45,
      70.1,
      71.74,
      72.28,
      71.03,
      72.3,
      72.07,
      71.68,
      71.12,
      70.49,
      71.08
    ]
  }
}