{
  "config": {
    "run_name": "exp1_2",
    "out_dir": "./results",
    "seed": 42,
    "device": null,
    "bs_train": 50,
    "bs_test": 12,
    "batches": 10,
    "epochs": 10,
    "early_stopping": 5,
    "checkpoints": null,
    "lr": 0.001,
    "reg": 0.001,
    "filters_per_layer": [
      32
    ],
    "pool_every": 3,
    "hidden_dims": [
      100
    ],
    "model_type": "cnn",
    "kw": {},
    "layers_per_block": 2
  },
  "results": {
    "num_epochs": 10,
    "train_loss": [
      1.4992395639419556,
      1.2256653308868408,
      1.105728268623352,
      1.028393268585205,
      0.9659808874130249,
      0.917491614818573,
      0.8786150813102722,
      0.8357599377632141,
      0.7956352829933167,
      0.7621512413024902
    ],
    "train_acc": [
      45.816,
      56.46,
      60.76,
      63.448,
      65.666,
      67.88,
      68.996,
      70.338,
      71.85,
      72.966
    ],
    "test_loss": [
      1.2623105395397693,
      1.1942102198334907,
      1.1057327137433655,
      1.0609706987222607,
      1.0435177558403221,
      1.0768748381190734,
      1.0371171336093967,
      1.027829637398108,
      1.0074480792386926,
      1.0158317894529667
    ],
    "test_acc": [
      54.76,
      56.87,
      60.69,
      62.65,
      62.93,
      61.45,
      63.86,
      63.87,
      64.88,
      64.93
    ]
  }
}