{
  "config": {
    "run_name": "test_run",
    "out_dir": "./results",
    "seed": 42,
    "device": null,
    "bs_train": 50,
    "bs_test": 12,
    "batches": 10,
    "epochs": 10,
    "early_stopping": 5,
    "checkpoints": null,
    "lr": 0.001,
    "reg": 0.001,
    "filters_per_layer": [
      64
    ],
    "pool_every": 3,
    "hidden_dims": [
      100
    ],
    "model_type": "cnn",
    "kw": {},
    "layers_per_block": 2
  },
  "results": {
    "num_epochs": 10,
    "train_loss": [
      1.4952659606933594,
      1.2347766160964966,
      1.1298826932907104,
      1.0639829635620117,
      0.9982888102531433,
      0.9477636218070984,
      0.8956690430641174,
      0.8499887585639954,
      0.8029821515083313,
      0.7579618692398071
    ],
    "train_acc": [
      45.886,
      55.914,
      59.848,
      62.034,
      64.488,
      66.21,
      68.244,
      69.912,
      71.538,
      72.946
    ],
    "test_loss": [
      1.2919462859559117,
      1.2063316715707024,
      1.1648874559419617,
      1.0820923275191434,
      1.100029890342868,
      1.0601530557663605,
      1.0369280949592306,
      1.0926712240568168,
      1.027095509090012,
      1.0257177258566987
    ],
    "test_acc": [
      54.04,
      57.33,
      58.62,
      61.11,
      60.36,
      62.41,
      63.34,
      61.46,
      64.51,
      64.29
    ]
  }
}