{
  "config": {
    "run_name": "exp1_2",
    "out_dir": "./results",
    "seed": 42,
    "device": null,
    "bs_train": 50,
    "bs_test": 12,
    "batches": 10,
    "epochs": 10,
    "early_stopping": 5,
    "checkpoints": null,
    "lr": 0.001,
    "reg": 0.001,
    "filters_per_layer": [
      128
    ],
    "pool_every": 5,
    "hidden_dims": [
      100
    ],
    "model_type": "cnn",
    "kw": {},
    "layers_per_block": 2
  },
  "results": {
    "num_epochs": 10,
    "train_loss": [
      1.5743649005889893,
      1.3084200620651245,
      1.2075337171554565,
      1.1379557847976685,
      1.0848032236099243,
      1.0407304763793945,
      1.0003864765167236,
      0.9646399617195129,
      0.9280847311019897,
      0.8937440514564514
    ],
    "train_acc": [
      43.01,
      53.208,
      56.738,
      59.334,
      61.254,
      63.118,
      64.256,
      65.456,
      67.076,
      68.214
    ],
    "test_loss": [
      1.3902864606260397,
      1.276549245670831,
      1.1989409195647822,
      1.202777906752033,
      1.1378018410443116,
      1.1474504211037564,
      1.1375692702240223,
      1.1502458551447454,
      1.1112047053283924,
      1.2002607318851874
    ],
    "test_acc": [
      49.21,
      53.99,
      56.65,
      57.23,
      58.98,
      58.55,
      59.73,
      58.69,
      60.03,
      58.66
    ]
  }
}