{
  "config": {
    "run_name": "exp1_2",
    "out_dir": "./results",
    "seed": 42,
    "device": null,
    "bs_train": 50,
    "bs_test": 12,
    "batches": 10,
    "epochs": 10,
    "early_stopping": 5,
    "checkpoints": null,
    "lr": 0.001,
    "reg": 0.001,
    "filters_per_layer": [
      32
    ],
    "pool_every": 3,
    "hidden_dims": [
      100
    ],
    "model_type": "cnn",
    "kw": {},
    "layers_per_block": 4
  },
  "results": {
    "num_epochs": 10,
    "train_loss": [
      1.5779536962509155,
      1.246339201927185,
      1.0714448690414429,
      0.9508426189422607,
      0.8592970371246338,
      0.7904046773910522,
      0.7266280651092529,
      0.6696516275405884,
      0.626534640789032,
      0.5794931650161743
    ],
    "train_acc": [
      42.176,
      55.446,
      61.776,
      66.458,
      69.57,
      72.076,
      74.274,
      76.46,
      77.804,
      79.494
    ],
    "test_loss": [
      1.3681244464229336,
      1.1526759014569885,
      1.0977002356192476,
      0.9491871190335539,
      0.9443180532120973,
      0.9446151285863323,
      0.9351187507918984,
      0.8911368710924682,
      0.921661267338468,
      0.911487683662765
    ],
    "test_acc": [
      49.66,
      58.47,
      61.23,
      66.47,
      66.67,
      67.73,
      68.12,
      69.26,
      68.54,
      69.57
    ]
  }
}