{
  "config": {
    "run_name": "exp1_2",
    "out_dir": "./results",
    "seed": 42,
    "device": null,
    "bs_train": 50,
    "bs_test": 12,
    "batches": 10,
    "epochs": 10,
    "early_stopping": 5,
    "checkpoints": null,
    "lr": 0.001,
    "reg": 0.001,
    "filters_per_layer": [
      128
    ],
    "pool_every": 5,
    "hidden_dims": [
      100
    ],
    "model_type": "cnn",
    "kw": {},
    "layers_per_block": 8
  },
  "results": {
    "num_epochs": 5,
    "train_loss": [
      2.3031857013702393,
      2.3027710914611816,
      2.3027684688568115,
      2.3028905391693115,
      2.302783489227295
    ],
    "train_acc": [
      9.79,
      9.972,
      9.878,
      9.88,
      9.786
    ],
    "test_loss": [
      2.302655533063326,
      2.3026517212247963,
      2.302632218928074,
      2.3026131817476925,
      2.3026315428370197
    ],
    "test_acc": [
      10.0,
      10.0,
      10.0,
      10.0,
      10.0
    ]
  }
}