{
  "config": {
    "run_name": "exp1_3",
    "out_dir": "./results",
    "seed": 42,
    "device": null,
    "bs_train": 50,
    "bs_test": 12,
    "batches": 10,
    "epochs": 10,
    "early_stopping": 5,
    "checkpoints": null,
    "lr": 0.001,
    "reg": 0.001,
    "filters_per_layer": [
      64,
      128,
      256
    ],
    "pool_every": 5,
    "hidden_dims": [
      100
    ],
    "model_type": "cnn",
    "kw": {},
    "layers_per_block": 8
  },
  "results": {
    "num_epochs": 5,
    "train_loss": [
      2.3029351234436035,
      2.302725076675415,
      2.302769422531128,
      2.3027749061584473,
      2.3027286529541016
    ],
    "train_acc": [
      9.922,
      9.998,
      9.972,
      9.654,
      9.742
    ],
    "test_loss": [
      2.302613244639884,
      2.3027694559783387,
      2.302608502282799,
      2.3025914999506742,
      2.30260594257062
    ],
    "test_acc": [
      10.0,
      10.0,
      10.0,
      10.0,
      10.0
    ]
  }
}