{
  "config": {
    "run_name": "exp1_2",
    "out_dir": "./results",
    "seed": 42,
    "device": null,
    "bs_train": 50,
    "bs_test": 12,
    "batches": 10,
    "epochs": 10,
    "early_stopping": 5,
    "checkpoints": null,
    "lr": 0.001,
    "reg": 0.001,
    "filters_per_layer": [
      64
    ],
    "pool_every": 5,
    "hidden_dims": [
      100
    ],
    "model_type": "cnn",
    "kw": {},
    "layers_per_block": 8
  },
  "results": {
    "num_epochs": 5,
    "train_loss": [
      2.303034782409668,
      2.3027796745300293,
      2.3027939796447754,
      2.3027234077453613,
      2.302783250808716
    ],
    "train_acc": [
      9.776,
      9.658,
      9.806,
      9.79,
      9.796
    ],
    "test_loss": [
      2.302635252046928,
      2.3026140422272166,
      2.302609912211375,
      2.3026433654254577,
      2.3031062150744797
    ],
    "test_acc": [
      10.0,
      10.0,
      10.0,
      10.0,
      10.0
    ]
  }
}