{
  "config": {
    "run_name": "exp1_3",
    "out_dir": "./results",
    "seed": 42,
    "device": null,
    "bs_train": 50,
    "bs_test": 12,
    "batches": 10,
    "epochs": 10,
    "early_stopping": 5,
    "checkpoints": null,
    "lr": 0.001,
    "reg": 0.001,
    "filters_per_layer": [
      64,
      128,
      256
    ],
    "pool_every": 5,
    "hidden_dims": [
      100
    ],
    "model_type": "cnn",
    "kw": {},
    "layers_per_block": 2
  },
  "results": {
    "num_epochs": 10,
    "train_loss": [
      1.7433794736862183,
      1.3384933471679688,
      1.1343750953674316,
      1.0018947124481201,
      0.8956658840179443,
      0.8008714914321899,
      0.7387738227844238,
      0.6868390440940857,
      0.6392295956611633,
      0.5898721218109131
    ],
    "train_acc": [
      35.388,
      51.454,
      59.45,
      64.508,
      68.214,
      71.786,
      73.816,
      75.74,
      77.394,
      79.288
    ],
    "test_loss": [
      1.4652492562643915,
      1.2397171767066708,
      1.1221275150918846,
      1.0260723823730609,
      0.8864020960543939,
      0.8497704664955466,
      0.8343509158177628,
      0.8127595026144306,
      0.8264870648886518,
      0.8599698603582039
    ],
    "test_acc": [
      45.98,
      55.54,
      59.81,
      63.4,
      68.55,
      70.28,
      70.91,
      72.24,
      71.62,
      71.24
    ]
  }
}