{
  "config": {
    "run_name": "exp1_2",
    "out_dir": "./results",
    "seed": 42,
    "device": null,
    "bs_train": 50,
    "bs_test": 12,
    "batches": 10,
    "epochs": 10,
    "early_stopping": 5,
    "checkpoints": null,
    "lr": 0.001,
    "reg": 0.001,
    "filters_per_layer": [
      256
    ],
    "pool_every": 5,
    "hidden_dims": [
      100
    ],
    "model_type": "cnn",
    "kw": {},
    "layers_per_block": 4
  },
  "results": {
    "num_epochs": 10,
    "train_loss": [
      1.667091965675354,
      1.2790319919586182,
      1.111087679862976,
      1.0206764936447144,
      0.9532911777496338,
      0.8935965895652771,
      0.8424758315086365,
      0.7975863218307495,
      0.7516711354255676,
      0.7061932682991028
    ],
    "train_acc": [
      39.44,
      53.94,
      60.334,
      63.556,
      65.842,
      68.116,
      69.692,
      71.85,
      73.032,
      74.738
    ],
    "test_loss": [
      1.3830406150872188,
      1.1638332205138904,
      1.0879102304970905,
      1.0717618905668922,
      0.9606304957354955,
      0.9593779016420138,
      0.9647797206394392,
      0.9344492161588417,
      0.9281966756198475,
      0.9731908555475356
    ],
    "test_acc": [
      49.84,
      58.52,
      61.13,
      61.86,
      66.08,
      66.55,
      65.78,
      66.86,
      67.71,
      66.35
    ]
  }
}