{
  "config": {
    "run_name": "exp1_4",
    "out_dir": "./results",
    "seed": 42,
    "device": null,
    "bs_train": 50,
    "bs_test": 12,
    "batches": 10,
    "epochs": 10,
    "early_stopping": 5,
    "checkpoints": null,
    "lr": 0.001,
    "reg": 0.001,
    "filters_per_layer": [
      32
    ],
    "pool_every": 5,
    "hidden_dims": [
      100
    ],
    "model_type": "resnet",
    "kw": {},
    "layers_per_block": 16
  },
  "results": {
    "num_epochs": 10,
    "train_loss": [
      1.7542887926101685,
      1.449283242225647,
      1.298660159111023,
      1.161264181137085,
      1.0469143390655518,
      0.9693774580955505,
      0.9021390080451965,
      0.8565951585769653,
      0.8129853010177612,
      0.7804169058799744
    ],
    "train_acc": [
      35.716,
      47.278,
      53.198,
      58.448,
      62.654,
      65.644,
      67.986,
      69.884,
      71.298,
      72.462
    ],
    "test_loss": [
      1.5182855387957548,
      1.3456389739644898,
      1.205926683666609,
      1.1128897134134237,
      1.0303456030017752,
      0.9565792321730003,
      1.0019305297653738,
      0.8985933357452174,
      0.8883362980447799,
      0.862949278446839
    ],
    "test_acc": [
      44.28,
      51.22,
      57.08,
      60.82,
      63.55,
      66.68,
      65.27,
      68.37,
      69.16,
      69.46
    ]
  }
}