{
  "config": {
    "run_name": "exp1_4",
    "out_dir": "./results",
    "seed": 42,
    "device": null,
    "bs_train": 50,
    "bs_test": 12,
    "batches": 10,
    "epochs": 10,
    "early_stopping": 5,
    "checkpoints": null,
    "lr": 0.001,
    "reg": 0.001,
    "filters_per_layer": [
      64,
      128,
      256
    ],
    "pool_every": 8,
    "hidden_dims": [
      100
    ],
    "model_type": "resnet",
    "kw": {},
    "layers_per_block": 8
  },
  "results": {
    "num_epochs": 10,
    "train_loss": [
      1.6966091394424438,
      1.4794042110443115,
      1.3973336219787598,
      1.3719426393508911,
      1.3051527738571167,
      1.2662707567214966,
      1.239677906036377,
      1.216296911239624,
      1.2285608053207397,
      1.1897550821304321
    ],
    "train_acc": [
      38.418,
      46.794,
      50.038,
      51.304,
      53.452,
      54.842,
      55.8,
      56.714,
      56.554,
      57.54
    ],
    "test_loss": [
      1.5008696975182,
      1.3812707353838913,
      1.3723293894486461,
      1.3623440329262393,
      1.302573062461629,
      1.2759141577519386,
      1.2727447345817118,
      1.2586935711421554,
      1.2037439253047215,
      1.2165335736257568
    ],
    "test_acc": [
      45.85,
      50.46,
      51.07,
      50.84,
      53.54,
      54.2,
      54.37,
      54.24,
      56.02,
      56.38
    ]
  }
}