{
  "config": {
    "run_name": "exp1_2",
    "out_dir": "./results",
    "seed": 42,
    "device": null,
    "bs_train": 50,
    "bs_test": 12,
    "batches": 10,
    "epochs": 10,
    "early_stopping": 5,
    "checkpoints": null,
    "lr": 0.001,
    "reg": 0.001,
    "filters_per_layer": [
      64
    ],
    "pool_every": 5,
    "hidden_dims": [
      100
    ],
    "model_type": "cnn",
    "kw": {},
    "layers_per_block": 2
  },
  "results": {
    "num_epochs": 10,
    "train_loss": [
      1.4953757524490356,
      1.226264476776123,
      1.1224496364593506,
      1.0586704015731812,
      0.9955145120620728,
      0.9400821328163147,
      0.8888773322105408,
      0.8456134796142578,
      0.8002086281776428,
      0.7578469514846802
    ],
    "train_acc": [
      45.964,
      55.876,
      60.14,
      62.214,
      64.436,
      66.438,
      68.398,
      70.128,
      71.246,
      72.99
    ],
    "test_loss": [
      1.2910672415146154,
      1.2087805837893086,
      1.1604159939989482,
      1.083695691498778,
      1.0901666178012923,
      1.077953575094112,
      1.026190414935422,
      1.0239104224587803,
      1.0401824468688714,
      1.0235865987676511
    ],
    "test_acc": [
      54.22,
      57.53,
      58.26,
      61.28,
      60.9,
      61.76,
      63.77,
      64.11,
      64.22,
      64.33
    ]
  }
}