{
  "config": {
    "run_name": "exp1_2",
    "out_dir": "./results",
    "seed": 42,
    "device": null,
    "bs_train": 50,
    "bs_test": 12,
    "batches": 10,
    "epochs": 10,
    "early_stopping": 5,
    "checkpoints": null,
    "lr": 0.001,
    "reg": 0.001,
    "filters_per_layer": [
      64
    ],
    "pool_every": 3,
    "hidden_dims": [
      100
    ],
    "model_type": "cnn",
    "kw": {},
    "layers_per_block": 4
  },
  "results": {
    "num_epochs": 10,
    "train_loss": [
      1.5862390995025635,
      1.2287582159042358,
      1.064428687095642,
      0.9584928154945374,
      0.8789279460906982,
      0.8126350045204163,
      0.7483311891555786,
      0.6941150426864624,
      0.6391666531562805,
      0.590415358543396
    ],
    "train_acc": [
      42.04,
      56.052,
      62.304,
      66.104,
      68.828,
      71.33,
      73.594,
      75.434,
      77.352,
      78.978
    ],
    "test_loss": [
      1.3259467101640268,
      1.1844226519624106,
      1.0487972948905662,
      0.969907491541595,
      0.9324161784647466,
      0.8920275028661001,
      0.9038203484077247,
      0.8983420028621487,
      0.86880339618674,
      0.8731934789934461
    ],
    "test_acc": [
      51.92,
      57.35,
      62.65,
      65.78,
      66.99,
      68.29,
      67.98,
      67.89,
      69.72,
      70.02
    ]
  }
}