{
  "config": {
    "run_name": "test_run",
    "out_dir": "./results",
    "seed": 42,
    "device": null,
    "bs_train": 50,
    "bs_test": 12,
    "batches": 10,
    "epochs": 10,
    "early_stopping": 5,
    "checkpoints": null,
    "lr": 0.001,
    "reg": 0.001,
    "filters_per_layer": [
      64
    ],
    "pool_every": 3,
    "hidden_dims": [
      100
    ],
    "model_type": "cnn",
    "kw": {},
    "layers_per_block": 8
  },
  "results": {
    "num_epochs": 5,
    "train_loss": [
      2.3033339977264404,
      2.3027803897857666,
      2.3027846813201904,
      2.302760124206543,
      2.3027336597442627
    ],
    "train_acc": [
      9.894,
      9.93,
      9.912,
      10.014,
      9.952
    ],
    "test_loss": [
      2.3026836887538003,
      2.3027301583644584,
      2.3026203337333184,
      2.3026138747052896,
      2.3026093427511714
    ],
    "test_acc": [
      10.0,
      10.0,
      10.0,
      10.0,
      10.0
    ]
  }
}