{
  "config": {
    "run_name": "exp1_4",
    "out_dir": "./results",
    "seed": 42,
    "device": null,
    "bs_train": 50,
    "bs_test": 12,
    "batches": 10,
    "epochs": 10,
    "early_stopping": 5,
    "checkpoints": null,
    "lr": 0.001,
    "reg": 0.001,
    "filters_per_layer": [
      256
    ],
    "pool_every": 5,
    "hidden_dims": [
      100
    ],
    "model_type": "ycn",
    "kw": {},
    "layers_per_block": 3
  },
  "results": {
    "num_epochs": 10,
    "train_loss": [
      1.9132548570632935,
      1.4329358339309692,
      1.2610617876052856,
      1.1451280117034912,
      1.0641224384307861,
      0.9959660172462463,
      0.932529628276825,
      0.8737465143203735,
      0.8199434876441956,
      0.7717456221580505
    ],
    "train_acc": [
      33.268,
      48.778,
      54.944,
      59.092,
      62.214,
      64.482,
      67.052,
      68.794,
      70.674,
      72.64
    ],
    "test_loss": [
      1.8331080678698541,
      1.633800374232322,
      1.4739932537936478,
      1.558437152803659,
      1.5087312580012588,
      1.2776895423801682,
      1.3480938856693194,
      1.3159514407781387,
      1.3545283735941926,
      1.4199928152832768
    ],
    "test_acc": [
      39.27,
      42.9,
      48.09,
      45.67,
      47.45,
      55.15,
      53.38,
      55.98,
      53.27,
      54.1
    ]
  }
}