{
  "config": {
    "run_name": "exp1_2",
    "out_dir": "./results",
    "seed": 42,
    "device": null,
    "bs_train": 50,
    "bs_test": 12,
    "batches": 10,
    "epochs": 10,
    "early_stopping": 5,
    "checkpoints": null,
    "lr": 0.001,
    "reg": 0.001,
    "filters_per_layer": [
      64
    ],
    "pool_every": 5,
    "hidden_dims": [
      100
    ],
    "model_type": "cnn",
    "kw": {},
    "layers_per_block": 4
  },
  "results": {
    "num_epochs": 10,
    "train_loss": [
      1.5420089960098267,
      1.2087275981903076,
      1.0839085578918457,
      0.9951270818710327,
      0.9232874512672424,
      0.8579041361808777,
      0.802785336971283,
      0.7501049637794495,
      0.6971177458763123,
      0.651786208152771
    ],
    "train_acc": [
      43.886,
      56.786,
      61.164,
      64.594,
      67.316,
      69.614,
      71.496,
      73.2,
      75.172,
      76.976
    ],
    "test_loss": [
      1.2970124451305083,
      1.1557909847735215,
      1.070301857033222,
      1.0251894730994169,
      1.0611882320017838,
      0.9518548275748316,
      0.9288944903251936,
      0.9529071012846857,
      0.944177293412977,
      1.0253594595965723
    ],
    "test_acc": [
      53.92,
      58.61,
      61.79,
      63.75,
      61.64,
      65.69,
      67.05,
      66.59,
      67.55,
      64.61
    ]
  }
}