{
  "config": {
    "run_name": "exp1_2",
    "out_dir": "./results",
    "seed": 42,
    "device": null,
    "bs_train": 50,
    "bs_test": 12,
    "batches": 10,
    "epochs": 10,
    "early_stopping": 5,
    "checkpoints": null,
    "lr": 0.001,
    "reg": 0.001,
    "filters_per_layer": [
      32
    ],
    "pool_every": 5,
    "hidden_dims": [
      100
    ],
    "model_type": "cnn",
    "kw": {},
    "layers_per_block": 8
  },
  "results": {
    "num_epochs": 5,
    "train_loss": [
      2.3031036853790283,
      2.3028314113616943,
      2.3028175830841064,
      2.3027265071868896,
      2.302765130996704
    ],
    "train_acc": [
      9.838,
      9.694,
      9.788,
      10.018,
      9.938
    ],
    "test_loss": [
      2.3026802631304992,
      2.3026208766072775,
      2.3026076072125696,
      2.302638197402588,
      2.3026747846489046
    ],
    "test_acc": [
      10.0,
      10.0,
      10.0,
      10.0,
      10.0
    ]
  }
}