{
  "config": {
    "run_name": "exp1_2",
    "out_dir": "./results",
    "seed": 42,
    "device": null,
    "bs_train": 50,
    "bs_test": 12,
    "batches": 10,
    "epochs": 10,
    "early_stopping": 5,
    "checkpoints": null,
    "lr": 0.001,
    "reg": 0.001,
    "filters_per_layer": [
      128
    ],
    "pool_every": 3,
    "hidden_dims": [
      100
    ],
    "model_type": "cnn",
    "kw": {},
    "layers_per_block": 2
  },
  "results": {
    "num_epochs": 10,
    "train_loss": [
      1.548673391342163,
      1.2827727794647217,
      1.1879909038543701,
      1.109275221824646,
      1.0285022258758545,
      0.9628449082374573,
      0.903481125831604,
      0.8557853102684021,
      0.8134138584136963,
      0.7678486108779907
    ],
    "train_acc": [
      44.348,
      53.834,
      57.684,
      60.218,
      63.324,
      65.698,
      67.95,
      69.676,
      70.996,
      72.572
    ],
    "test_loss": [
      1.3327080656727441,
      1.2838068636630078,
      1.195643796837873,
      1.2456099396343712,
      1.1155787655989902,
      1.1055297971986753,
      1.1583748581312256,
      1.127442808191982,
      1.1603960589610702,
      1.1501137143273434
    ],
    "test_acc": [
      51.86,
      53.68,
      57.19,
      56.66,
      60.03,
      60.58,
      59.08,
      60.5,
      60.08,
      60.33
    ]
  }
}