{
  "config": {
    "run_name": "exp1_2",
    "out_dir": "./results",
    "seed": 42,
    "device": null,
    "bs_train": 50,
    "bs_test": 12,
    "batches": 10,
    "epochs": 10,
    "early_stopping": 5,
    "checkpoints": null,
    "lr": 0.001,
    "reg": 0.001,
    "filters_per_layer": [
      128
    ],
    "pool_every": 5,
    "hidden_dims": [
      100
    ],
    "model_type": "cnn",
    "kw": {},
    "layers_per_block": 4
  },
  "results": {
    "num_epochs": 10,
    "train_loss": [
      1.6085973978042603,
      1.2350246906280518,
      1.064946174621582,
      0.9667869210243225,
      0.888080894947052,
      0.8273199796676636,
      0.7677342891693115,
      0.7127147912979126,
      0.6573709845542908,
      0.6053094863891602
    ],
    "train_acc": [
      41.324,
      55.592,
      62.214,
      65.538,
      68.566,
      70.704,
      72.808,
      74.724,
      76.614,
      78.352
    ],
    "test_loss": [
      1.354899742691923,
      1.1561554923689337,
      1.171356912407515,
      0.9864343556282903,
      0.9562343872672648,
      0.9154684477590685,
      0.877791596983048,
      0.9126788754400303,
      0.9076123806140978,
      0.9077214360219255
    ],
    "test_acc": [
      51.52,
      58.61,
      58.68,
      64.5,
      65.94,
      67.8,
      69.33,
      68.33,
      68.3,
      68.6
    ]
  }
}