{
  "config": {
    "run_name": "exp1_4",
    "out_dir": "./results",
    "seed": 42,
    "device": null,
    "bs_train": 50,
    "bs_test": 12,
    "batches": 10,
    "epochs": 10,
    "early_stopping": 5,
    "checkpoints": null,
    "lr": 0.001,
    "reg": 0.001,
    "filters_per_layer": [
      256
    ],
    "pool_every": 5,
    "hidden_dims": [
      100
    ],
    "model_type": "ycn",
    "kw": {},
    "layers_per_block": 2
  },
  "results": {
    "num_epochs": 10,
    "train_loss": [
      1.8187357187271118,
      1.4373762607574463,
      1.328959345817566,
      1.2260775566101074,
      1.138128638267517,
      1.0234683752059937,
      0.9386969208717346,
      0.851205050945282,
      0.7781696319580078,
      0.7163381576538086
    ],
    "train_acc": [
      36.706,
      48.204,
      52.48,
      56.164,
      59.408,
      63.852,
      66.816,
      69.776,
      72.376,
      74.526
    ],
    "test_loss": [
      1.5977855434091828,
      1.6784276502023783,
      1.4161791835042785,
      1.4158484398318139,
      1.3407104577091957,
      1.3858942628907356,
      1.3074687419177817,
      1.3235573749319256,
      1.2712509675348977,
      1.2966525603791508
    ],
    "test_acc": [
      42.91,
      42.94,
      48.9,
      50.57,
      52.05,
      50.42,
      54.07,
      55.28,
      56.67,
      56.62
    ]
  }
}