{
  "config": {
    "run_name": "exp1_2",
    "out_dir": "./results",
    "seed": 42,
    "device": null,
    "bs_train": 50,
    "bs_test": 12,
    "batches": 10,
    "epochs": 10,
    "early_stopping": 5,
    "checkpoints": null,
    "lr": 0.001,
    "reg": 0.001,
    "filters_per_layer": [
      256
    ],
    "pool_every": 5,
    "hidden_dims": [
      100
    ],
    "model_type": "cnn",
    "kw": {},
    "layers_per_block": 8
  },
  "results": {
    "num_epochs": 10,
    "train_loss": [
      1.78757643699646,
      1.4820845127105713,
      1.2774063348770142,
      1.1102893352508545,
      0.9651244878768921,
      0.8566659688949585,
      0.7799085378646851,
      0.7315805554389954,
      0.687100350856781,
      0.6411060094833374
    ],
    "train_acc": [
      33.196,
      45.406,
      53.702,
      60.234,
      65.646,
      69.82,
      72.346,
      74.17,
      75.768,
      77.284
    ],
    "test_loss": [
      1.5440852892913406,
      1.3942802736370399,
      1.1881676336987128,
      1.0759478057567164,
      0.9129688340446932,
      0.8700463703299741,
      0.8857061747345422,
      0.8436213437315944,
      0.8049155839180632,
      0.7986227788513512
    ],
    "test_acc": [
      43.53,
      48.5,
      57.71,
      61.49,
      67.91,
      69.15,
      69.64,
      70.74,
      72.08,
      72.55
    ]
  }
}