{
  "config": {
    "kw": {},
    "model_type": "ycn",
    "hidden_dims": [
      100
    ],
    "pool_every": 10,
    "filters_per_layer": [
      64,
      128,
      256,
      512
    ],
    "reg": 0.001,
    "lr": 0.001,
    "checkpoints": null,
    "early_stopping": 5,
    "epochs": 20,
    "batches": 10,
    "bs_test": 12,
    "bs_train": 50,
    "device": null,
    "seed": 42,
    "out_dir": "./results",
    "run_name": "exp2",
    "layers_per_block": 8
  },
  "results": {
    "num_epochs": 20,
    "train_loss": [
      1.7001081705093384,
      1.4072734117507935,
      1.2848548889160156,
      1.2110826969146729,
      1.1502753496170044,
      1.1084586381912231,
      1.0692232847213745,
      1.0406227111816406,
      1.0146827697753906,
      0.9985405802726746,
      0.9813746213912964,
      0.9632670879364014,
      0.9510511159896851,
      0.9325835108757019,
      0.9243593811988831,
      0.909200131893158,
      0.9036312103271484,
      0.8916260600090027,
      0.8867084980010986,
      0.8763622045516968
    ],
    "train_acc": [
      37.814,
      49.068,
      53.578,
      56.426,
      58.892,
      60.294,
      61.774,
      62.926,
      63.712,
      64.492,
      65.014,
      65.736,
      66.26,
      66.684,
      67.148,
      67.54,
      67.834,
      68.274,
      68.482,
      68.71
    ],
    "test_loss": [
      1.408722914666009,
      1.2595997035360451,
      1.2695991708506211,
      1.1697503460182561,
      1.1731592513245643,
      1.1060763569615728,
      1.1048324278218569,
      1.1204770875634622,
      1.0452224222733248,
      1.0829577592494104,
      1.0234667219096523,
      1.05667019844484,
      1.01715781777311,
      1.0294208279688009,
      1.033125942220076,
      0.9937799853100765,
      1.0435304023879324,
      1.05285438695114,
      1.0234190817895552,
      0.9942695087701868
    ],
    "test_acc": [
      49.11,
      54.44,
      54.07,
      58.25,
      57.97,
      61.13,
      60.76,
      59.86,
      63.16,
      61.5,
      63.6,
      61.97,
      63.8,
      63.46,
      63.42,
      65.07,
      63.31,
      63.37,
      63.56,
      65.18
    ]
  }
}