{
  "config": {
    "kw": {},
    "model_type": "ycn",
    "hidden_dims": [
      100
    ],
    "pool_every": 5,
    "filters_per_layer": [
      32,
      64,
      128,
      256
    ],
    "reg": 0.001,
    "lr": 0.001,
    "checkpoints": null,
    "early_stopping": 5,
    "epochs": 20,
    "batches": 10,
    "bs_test": 12,
    "bs_train": 50,
    "device": null,
    "seed": 42,
    "out_dir": "./results",
    "run_name": "exp2",
    "layers_per_block": 4
  },
  "results": {
    "num_epochs": 20,
    "train_loss": [
      1.5428112745285034,
      1.209080696105957,
      1.0495126247406006,
      0.9396125674247742,
      0.8531140089035034,
      0.7813147306442261,
      0.7255203723907471,
      0.6827395558357239,
      0.6472075581550598,
      0.6187046766281128,
      0.5933692455291748,
      0.5767554640769958,
      0.5582998991012573,
      0.5422422289848328,
      0.5318769812583923,
      0.5134709477424622,
      0.5044732093811035,
      0.4930749237537384,
      0.4814622104167938,
      0.47335779666900635
    ],
    "train_acc": [
      44.162,
      56.762,
      62.788,
      66.824,
      69.964,
      72.566,
      74.218,
      75.95,
      77.22,
      78.24,
      79.258,
      79.712,
      80.158,
      81.002,
      81.154,
      81.702,
      82.116,
      82.496,
      83.184,
      83.34
    ],
    "test_loss": [
      1.2850062980783357,
      1.1206652855129837,
      0.9483407276461451,
      0.885792053842859,
      0.8509229390348176,
      0.7758999165031407,
      0.8114384087852294,
      0.707222490328,
      0.7477611788689232,
      0.7056229292444116,
      0.7536622645328942,
      0.7124078169786673,
      0.6815005937408057,
      0.6849750684668049,
      0.7201676903319337,
      0.7200793983097629,
      0.7220663971980091,
      0.6821716411990656,
      0.7192624139172925,
      0.7050199540247091
    ],
    "test_acc": [
      53.77,
      59.26,
      66.45,
      69.01,
      69.92,
      72.51,
      71.26,
      75.51,
      74.34,
      75.07,
      74.47,
      75.41,
      76.87,
      76.55,
      75.55,
      75.44,
      76.15,
      77.18,
      76.01,
      77.1
    ]
  }
}