{
  "config": {
    "kw": {},
    "model_type": "ycn",
    "hidden_dims": [
      100
    ],
    "pool_every": 5,
    "filters_per_layer": [
      64,
      128,
      256,
      512
    ],
    "reg": 0.001,
    "lr": 0.001,
    "checkpoints": null,
    "early_stopping": 5,
    "epochs": 20,
    "batches": 10,
    "bs_test": 12,
    "bs_train": 50,
    "device": null,
    "seed": 42,
    "out_dir": "./results",
    "run_name": "exp2",
    "layers_per_block": 4
  },
  "results": {
    "num_epochs": 20,
    "train_loss": [
      1.6435891389846802,
      1.289678931236267,
      1.0915511846542358,
      0.9613285660743713,
      0.8708643317222595,
      0.7979931235313416,
      0.743107259273529,
      0.7009888291358948,
      0.6646488308906555,
      0.636555552482605,
      0.613426923751831,
      0.5953443050384521,
      0.5699453353881836,
      0.5565066933631897,
      0.5452938079833984,
      0.5311886072158813,
      0.5128599405288696,
      0.5066205263137817,
      0.4937262535095215,
      0.4828149676322937
    ],
    "train_acc": [
      40.166,
      53.662,
      61.164,
      65.782,
      69.248,
      71.688,
      73.786,
      75.2,
      76.82,
      77.49,
      78.334,
      78.942,
      79.784,
      80.15,
      80.614,
      81.162,
      81.726,
      81.988,
      82.454,
      82.742
    ],
    "test_loss": [
      1.4105093524181584,
      1.1491890402434828,
      0.9894623359759077,
      0.9550520667104984,
      0.8579480511893471,
      0.8395828760141949,
      0.7957119186826461,
      0.7728285438579907,
      0.7105815827185444,
      0.7051652179990741,
      0.7218825740279625,
      0.725764148191904,
      0.6865585234900602,
      0.7220423503218295,
      0.7185931354805791,
      0.6845251321345925,
      0.7160233683276662,
      0.7546153274014128,
      0.7019258079228463,
      0.6900109667866994
    ],
    "test_acc": [
      50.0,
      58.86,
      64.95,
      66.43,
      69.93,
      70.18,
      72.29,
      73.0,
      75.1,
      75.62,
      75.15,
      74.56,
      76.08,
      75.0,
      75.3,
      76.88,
      76.03,
      75.02,
      76.31,
      76.95
    ]
  }
}