{
  "config": {
    "run_name": "exp2",
    "out_dir": "./results",
    "seed": 42,
    "device": null,
    "bs_train": 50,
    "bs_test": 12,
    "batches": 10,
    "epochs": 10,
    "early_stopping": 5,
    "checkpoints": null,
    "lr": 0.001,
    "reg": 0.001,
    "filters_per_layer": [
      256
    ],
    "pool_every": 5,
    "hidden_dims": [
      100
    ],
    "model_type": "ycn",
    "kw": {},
    "layers_per_block": 3
  },
  "results": {
    "num_epochs": 10,
    "train_loss": [
      1.7185938358306885,
      1.4198960065841675,
      1.2765806913375854,
      1.1694614887237549,
      1.095964789390564,
      1.0367166996002197,
      0.9799000024795532,
      0.9276126623153687,
      0.8923497796058655,
      0.8513467907905579
    ],
    "train_acc": [
      39.93,
      49.12,
      54.528,
      58.156,
      61.056,
      63.054,
      65.156,
      66.824,
      68.46,
      69.814
    ],
    "test_loss": [
      1.4680294607468931,
      1.5568773958751623,
      1.347539060907684,
      1.2558042037901547,
      1.2302724707612602,
      1.2766399018698744,
      1.2980214891602382,
      1.2545573855404089,
      1.419948527995917,
      1.3965978203631706
    ],
    "test_acc": [
      46.77,
      43.62,
      52.08,
      54.28,
      55.92,
      55.74,
      55.46,
      55.09,
      52.06,
      53.45
    ]
  }
}