{
  "config": {
    "run_name": "exp2",
    "out_dir": "./results",
    "seed": 42,
    "device": null,
    "bs_train": 50,
    "bs_test": 12,
    "batches": 10,
    "epochs": 10,
    "early_stopping": 5,
    "checkpoints": null,
    "lr": 0.001,
    "reg": 0.001,
    "filters_per_layer": [
      128
    ],
    "pool_every": 5,
    "hidden_dims": [
      100
    ],
    "model_type": "ycn",
    "kw": {},
    "layers_per_block": 3
  },
  "results": {
    "num_epochs": 10,
    "train_loss": [
      1.7876696586608887,
      1.5654634237289429,
      1.4602490663528442,
      1.3487693071365356,
      1.253764271736145,
      1.1801663637161255,
      1.1195470094680786,
      1.0691245794296265,
      1.017805576324463,
      0.9738110899925232
    ],
    "train_acc": [
      35.954,
      43.136,
      47.16,
      50.93,
      54.812,
      57.646,
      59.568,
      61.746,
      63.682,
      64.91
    ],
    "test_loss": [
      1.6433895013744024,
      1.5095522037798839,
      1.4389140417964623,
      1.3867406419141115,
      1.3065232904337578,
      1.2514566568304881,
      1.2995367869913435,
      1.2444422256460579,
      1.2528964098837736,
      1.2799233637696548
    ],
    "test_acc": [
      39.41,
      44.96,
      48.03,
      49.64,
      52.43,
      55.01,
      53.45,
      55.5,
      55.45,
      55.03
    ]
  }
}