{
  "config": {
    "run_name": "exp2",
    "out_dir": "./results",
    "seed": 42,
    "device": null,
    "bs_train": 50,
    "bs_test": 12,
    "batches": 10,
    "epochs": 10,
    "early_stopping": 5,
    "checkpoints": null,
    "lr": 0.001,
    "reg": 0.001,
    "filters_per_layer": [
      64,
      128,
      256,
      512
    ],
    "pool_every": 5,
    "hidden_dims": [
      100
    ],
    "model_type": "ycn",
    "kw": {},
    "layers_per_block": 6
  },
  "results": {
    "num_epochs": 10,
    "train_loss": [
      1.966090440750122,
      1.7491425275802612,
      1.6000577211380005,
      1.5001002550125122,
      1.434645175933838,
      1.3729497194290161,
      1.3241649866104126,
      1.2749767303466797,
      1.2149423360824585,
      1.1704661846160889
    ],
    "train_acc": [
      26.316,
      34.766,
      40.75,
      45.156,
      47.856,
      50.366,
      52.266,
      54.086,
      56.33,
      58.098
    ],
    "test_loss": [
      1.7893089283284525,
      1.6423795054570662,
      1.4668059122505235,
      1.4153646752416944,
      1.483185704449098,
      1.3433893565937198,
      1.3000258545366694,
      1.2771066204964114,
      1.1996229433184333,
      1.108897638049343
    ],
    "test_acc": [
      33.21,
      39.68,
      45.87,
      47.82,
      46.79,
      52.26,
      52.93,
      54.66,
      56.58,
      59.81
    ]
  }
}