{
  "config": {
    "kw": {},
    "model_type": "ycn",
    "hidden_dims": [
      100
    ],
    "pool_every": 5,
    "filters_per_layer": [
      32
    ],
    "reg": 0.001,
    "lr": 0.001,
    "checkpoints": null,
    "early_stopping": 5,
    "epochs": 20,
    "batches": 10,
    "bs_test": 12,
    "bs_train": 50,
    "device": null,
    "seed": 42,
    "out_dir": "./results",
    "run_name": "exp2",
    "layers_per_block": 2
  },
  "results": {
    "num_epochs": 12,
    "train_loss": [
      1.520169973373413,
      1.184095025062561,
      1.0454154014587402,
      0.9633811712265015,
      0.8987119197845459,
      0.8367945551872253,
      0.7916098237037659,
      0.7462311387062073,
      0.7058991193771362,
      0.6623786091804504,
      0.6307945251464844,
      0.6020009517669678
    ],
    "train_acc": [
      46.364,
      58.664,
      63.388,
      66.116,
      68.376,
      70.554,
      72.28,
      73.882,
      74.84,
      76.626,
      77.594,
      78.796
    ],
    "test_loss": [
      1.3553465232074404,
      1.2066875342771017,
      1.085451733490689,
      1.0767109523431289,
      1.0885391896791596,
      1.0658072579285796,
      1.0691145716918458,
      1.1316690673466494,
      1.1354130609698003,
      1.152960612690992,
      1.1390001609814253,
      1.2108322237071087
    ],
    "test_acc": [
      50.42,
      57.09,
      61.6,
      61.93,
      61.42,
      62.95,
      63.41,
      61.77,
      62.56,
      63.29,
      62.75,
      62.62
    ]
  }
}