{
  "config": {
    "run_name": "exp2",
    "out_dir": "./results",
    "seed": 42,
    "device": null,
    "bs_train": 50,
    "bs_test": 12,
    "batches": 10,
    "epochs": 10,
    "early_stopping": 5,
    "checkpoints": null,
    "lr": 0.001,
    "reg": 0.001,
    "filters_per_layer": [
      32
    ],
    "pool_every": 5,
    "hidden_dims": [
      100
    ],
    "model_type": "ycn",
    "kw": {},
    "layers_per_block": 3
  },
  "results": {
    "num_epochs": 10,
    "train_loss": [
      1.6264560222625732,
      1.3033549785614014,
      1.1623643636703491,
      1.053235650062561,
      0.9733266830444336,
      0.9003971815109253,
      0.8420614004135132,
      0.7878294587135315,
      0.7447183132171631,
      0.6932673454284668
    ],
    "train_acc": [
      41.136,
      53.532,
      58.51,
      62.688,
      65.42,
      68.15,
      70.274,
      72.18,
      73.806,
      75.594
    ],
    "test_loss": [
      1.3160532410982415,
      1.2061343730853902,
      1.1730798824871187,
      1.1155293517404323,
      1.0811082418981215,
      1.0304828253652838,
      1.0531487222984255,
      1.054699031515516,
      1.0763228260677495,
      1.126165412527194
    ],
    "test_acc": [
      52.19,
      56.55,
      59.24,
      60.41,
      61.99,
      63.76,
      63.03,
      63.95,
      63.85,
      62.48
    ]
  }
}