{
  "config": {
    "kw": {},
    "model_type": "ycn",
    "hidden_dims": [
      100
    ],
    "pool_every": 10,
    "filters_per_layer": [
      64,
      128,
      256,
      128,
      64
    ],
    "reg": 0.001,
    "lr": 0.001,
    "checkpoints": null,
    "early_stopping": 5,
    "epochs": 20,
    "batches": 10,
    "bs_test": 12,
    "bs_train": 50,
    "device": null,
    "seed": 42,
    "out_dir": "./results",
    "run_name": "exp2",
    "layers_per_block": 8
  },
  "results": {
    "num_epochs": 20,
    "train_loss": [
      1.586957573890686,
      1.34091317653656,
      1.2402604818344116,
      1.1726269721984863,
      1.1219303607940674,
      1.082548975944519,
      1.0514758825302124,
      1.0213438272476196,
      1.0047558546066284,
      0.9838621616363525,
      0.9675626754760742,
      0.9517265558242798,
      0.9430112242698669,
      0.9285699725151062,
      0.9159330129623413,
      0.9073508381843567,
      0.8987781405448914,
      0.8920285105705261,
      0.8843517899513245,
      0.8746235370635986
    ],
    "train_acc": [
      42.22,
      51.484,
      55.086,
      57.636,
      59.606,
      61.222,
      62.042,
      63.496,
      64.248,
      64.736,
      65.554,
      66.078,
      66.528,
      66.828,
      67.502,
      67.674,
      68.06,
      68.208,
      68.484,
      69.036
    ],
    "test_loss": [
      1.3522711936518443,
      1.2433825502578588,
      1.1883306232073325,
      1.215253562950116,
      1.1280271126140509,
      1.1048473373805876,
      1.0869240568910572,
      1.071356569548591,
      1.08628226959591,
      1.0491620928978176,
      1.0507371614305236,
      1.021018392891049,
      1.0363747441975906,
      0.9801119086946801,
      1.0274353654478952,
      1.0115892774910091,
      1.0465336342652638,
      1.051967746348118,
      0.9745186575882726,
      0.9918130748420596
    ],
    "test_acc": [
      51.89,
      54.84,
      57.4,
      56.22,
      59.43,
      60.47,
      60.75,
      61.72,
      62.01,
      62.39,
      61.88,
      63.59,
      63.16,
      65.07,
      63.13,
      64.17,
      63.14,
      63.4,
      65.22,
      64.91
    ]
  }
}