{
  "config": {
    "kw": {},
    "model_type": "ycn",
    "hidden_dims": [
      100
    ],
    "pool_every": 5,
    "filters_per_layer": [
      64,
      128,
      256,
      512
    ],
    "reg": 0.001,
    "lr": 0.001,
    "checkpoints": null,
    "early_stopping": 5,
    "epochs": 20,
    "batches": 10,
    "bs_test": 12,
    "bs_train": 50,
    "device": null,
    "seed": 42,
    "out_dir": "./results",
    "run_name": "exp2",
    "layers_per_block": 2
  },
  "results": {
    "num_epochs": 16,
    "train_loss": [
      1.8278318643569946,
      1.4036451578140259,
      1.2264060974121094,
      1.1091184616088867,
      1.0017422437667847,
      0.8971624374389648,
      0.8158047199249268,
      0.7562665343284607,
      0.6997478008270264,
      0.6572439670562744,
      0.6156100630760193,
      0.5860534310340881,
      0.5585991144180298,
      0.5374954342842102,
      0.5125713348388672,
      0.4982568621635437
    ],
    "train_acc": [
      34.64,
      49.288,
      55.932,
      60.458,
      64.44,
      68.28,
      71.186,
      73.248,
      75.224,
      76.618,
      78.174,
      79.234,
      80.31,
      80.876,
      81.83,
      82.282
    ],
    "test_loss": [
      1.4940058129439824,
      1.2723344810646502,
      1.2625462575782118,
      1.103431754796911,
      1.0147832659937495,
      0.9641437310930923,
      0.9333051234233579,
      0.884900839208699,
      0.9230270748265641,
      0.8904755120243815,
      0.8947656946055752,
      0.9262815084156516,
      0.9052603410320174,
      0.952416779929035,
      0.9689854730447706,
      0.9894089369277517
    ],
    "test_acc": [
      45.96,
      54.07,
      54.44,
      60.66,
      64.21,
      66.71,
      67.4,
      69.06,
      67.99,
      69.76,
      70.14,
      68.99,
      70.02,
      69.67,
      69.16,
      69.23
    ]
  }
}