{
  "config": {
    "run_name": "exp2",
    "out_dir": "./results",
    "seed": 42,
    "device": null,
    "bs_train": 128,
    "bs_test": 32,
    "batches": 50,
    "epochs": 20,
    "early_stopping": 3,
    "checkpoints": null,
    "lr": 0.001,
    "reg": 0.0025,
    "filters_per_layer": [
      64,
      128,
      256,
      512
    ],
    "pool_every": 5,
    "hidden_dims": [
      100
    ],
    "model_type": "resnet",
    "kw": {},
    "layers_per_block": 3
  },
  "results": {
    "num_epochs": 18,
    "train_loss": [
      1.5912472009658813,
      1.2983055114746094,
      1.1221345663070679,
      0.9913010001182556,
      0.8992365598678589,
      0.8326138257980347,
      0.7838233113288879,
      0.736075222492218,
      0.7048836946487427,
      0.6617619395256042,
      0.6224488019943237,
      0.5982221961021423,
      0.5764833092689514,
      0.5404092669487,
      0.5717977285385132,
      0.5082144141197205,
      0.480280339717865,
      0.4623507857322693
    ],
    "train_acc": [
      42.016,
      53.044,
      59.902,
      64.654,
      68.196,
      70.498,
      72.38,
      74.16,
      75.164,
      76.776,
      78.086,
      79.156,
      79.77,
      81.176,
      80.292,
      82.08,
      83.25,
      83.752
    ],
    "test_loss": [
      1.3489931652340263,
      1.2036232441758956,
      1.185243927823088,
      0.9710483790967411,
      0.8711386777151126,
      0.8757151732810389,
      0.8078794986866533,
      0.8150731804081426,
      0.7278757096289065,
      0.7735548024169934,
      0.7275672952968854,
      0.7024554502183256,
      0.6952844567763539,
      0.7113646871556109,
      0.6903286492957855,
      0.6965691631975265,
      0.7121796884094945,
      0.6853022451598805
    ],
    "test_acc": [
      50.66,
      56.86,
      57.72,
      65.78,
      69.29,
      69.23,
      71.82,
      71.52,
      74.72,
      73.24,
      75.13,
      75.44,
      75.53,
      76.02,
      76.28,
      76.17,
      75.25,
      76.11
    ]
  }
}