{
  "config": {
    "run_name": "exp2",
    "out_dir": "./results",
    "seed": 42,
    "device": null,
    "bs_train": 64,
    "bs_test": 16,
    "batches": 64,
    "epochs": 20,
    "early_stopping": 3,
    "checkpoints": null,
    "lr": 0.001,
    "reg": 0.001,
    "filters_per_layer": [
      32,
      64,
      128,
      256
    ],
    "pool_every": 6,
    "hidden_dims": [
      512
    ],
    "model_type": "ycn",
    "kw": {},
    "layers_per_block": 3
  },
  "results": {
    "num_epochs": 20,
    "train_loss": [
      1.9869658946990967,
      1.6648443937301636,
      1.4702789783477783,
      1.3457300662994385,
      1.238390326499939,
      1.1543059349060059,
      1.0821106433868408,
      1.0198988914489746,
      0.9614294171333313,
      0.9185915589332581,
      0.8778524398803711,
      0.841050386428833,
      0.8181594610214233,
      0.7896854281425476,
      0.7686805725097656,
      0.7534010410308838,
      0.7339830994606018,
      0.716559648513794,
      0.7034156322479248,
      0.6874886751174927
    ],
    "train_acc": [
      27.238,
      39.646,
      47.152,
      51.66,
      55.908,
      59.076,
      61.754,
      64.376,
      66.278,
      67.822,
      69.398,
      70.72,
      71.584,
      72.414,
      73.384,
      73.75,
      74.576,
      75.1,
      75.552,
      76.004
    ],
    "test_loss": [
      1.8053779260635376,
      1.4839995965957642,
      1.3586367914199828,
      1.2220201142311096,
      1.2165026933670045,
      1.1618331737041474,
      1.070460405111313,
      0.995113655424118,
      0.977143334531784,
      0.9855354551315307,
      0.9517354560613632,
      0.9481645429611206,
      0.9271785487413406,
      0.9096359637022018,
      0.9615654330730439,
      0.963778227519989,
      0.9157198321580887,
      0.9339801963329315,
      0.9047265364646911,
      0.957810071015358
    ],
    "test_acc": [
      33.13,
      45.61,
      51.38,
      55.82,
      56.23,
      58.64,
      62.31,
      65.08,
      65.98,
      66.02,
      67.56,
      67.84,
      68.46,
      68.88,
      67.3,
      67.07,
      68.91,
      68.58,
      69.14,
      68.11
    ]
  }
}