{
  "config": {
    "run_name": "exp2",
    "out_dir": "./results",
    "seed": 42,
    "device": null,
    "bs_train": 50,
    "bs_test": 12,
    "batches": 10,
    "epochs": 10,
    "early_stopping": 5,
    "checkpoints": null,
    "lr": 0.001,
    "reg": 0.001,
    "filters_per_layer": [
      32,
      64,
      128,
      256
    ],
    "pool_every": 5,
    "hidden_dims": [
      100
    ],
    "model_type": "ycn",
    "kw": {},
    "layers_per_block": 6
  },
  "results": {
    "num_epochs": 10,
    "train_loss": [
      1.9591485261917114,
      1.7020337581634521,
      1.5699573755264282,
      1.4790332317352295,
      1.3933122158050537,
      1.3181322813034058,
      1.251083254814148,
      1.199681043624878,
      1.157299518585205,
      1.1251782178878784
    ],
    "train_acc": [
      25.87,
      36.822,
      41.988,
      45.668,
      49.612,
      52.492,
      55.054,
      56.834,
      58.82,
      59.952
    ],
    "test_loss": [
      1.9257342435187288,
      1.6261644602107772,
      1.4767212956357632,
      1.354940169577976,
      1.251958400261202,
      1.2743080743282533,
      1.2022832966894268,
      1.1040260569869185,
      1.0792131576177886,
      1.0727288456772157
    ],
    "test_acc": [
      27.87,
      38.77,
      45.09,
      50.38,
      54.48,
      53.66,
      56.95,
      60.63,
      61.09,
      61.5
    ]
  }
}