{
  "config": {
    "run_name": "exp2",
    "out_dir": "./results",
    "seed": 42,
    "device": null,
    "bs_train": 50,
    "bs_test": 12,
    "batches": 10,
    "epochs": 10,
    "early_stopping": 5,
    "checkpoints": null,
    "lr": 0.001,
    "reg": 0.001,
    "filters_per_layer": [
      32,
      64,
      256
    ],
    "pool_every": 5,
    "hidden_dims": [
      100
    ],
    "model_type": "ycn",
    "kw": {},
    "layers_per_block": 3
  },
  "results": {
    "num_epochs": 10,
    "train_loss": [
      1.8204426765441895,
      1.5307337045669556,
      1.3765931129455566,
      1.2652616500854492,
      1.179435133934021,
      1.096475601196289,
      1.0221171379089355,
      0.9573862552642822,
      0.9120686054229736,
      0.8813742995262146
    ],
    "train_acc": [
      33.554,
      44.38,
      50.068,
      54.746,
      57.976,
      60.808,
      63.448,
      65.934,
      67.594,
      68.596
    ],
    "test_loss": [
      1.5531253445920328,
      1.4314992728707887,
      1.2620925081791066,
      1.2185161502884447,
      1.1167416041024583,
      1.123156429909402,
      1.0528403372287178,
      0.9841741256469445,
      0.9579745154801033,
      0.9316342027960636
    ],
    "test_acc": [
      43.08,
      47.32,
      54.11,
      56.6,
      59.58,
      60.18,
      62.24,
      65.65,
      65.84,
      67.11
    ]
  }
}