{
  "config": {
    "kw": {},
    "model_type": "ycn",
    "hidden_dims": [
      100
    ],
    "pool_every": 5,
    "filters_per_layer": [
      256
    ],
    "reg": 0.001,
    "lr": 0.001,
    "checkpoints": null,
    "early_stopping": 5,
    "epochs": 20,
    "batches": 10,
    "bs_test": 12,
    "bs_train": 50,
    "device": null,
    "seed": 42,
    "out_dir": "./results",
    "run_name": "exp2",
    "layers_per_block": 4
  },
  "results": {
    "num_epochs": 10,
    "train_loss": [
      1.8737902641296387,
      1.398969292640686,
      1.176543951034546,
      1.0318351984024048,
      0.9238344430923462,
      0.8497417569160461,
      0.7764706015586853,
      0.7152181267738342,
      0.661896288394928,
      0.6189557313919067
    ],
    "train_acc": [
      34.342,
      49.72,
      58.142,
      63.55,
      67.02,
      69.978,
      72.504,
      74.77,
      76.326,
      78.094
    ],
    "test_loss": [
      1.5578758679419684,
      1.4471404870494093,
      1.35755899552104,
      1.1952567425527447,
      1.1248671447576808,
      1.1970156260209976,
      1.1603142878384614,
      1.2375842699294182,
      1.252681662978457,
      1.2804678086575558
    ],
    "test_acc": [
      43.45,
      48.88,
      52.22,
      58.82,
      60.85,
      59.09,
      60.49,
      59.74,
      60.18,
      60.12
    ]
  }
}