{
  "config": {
    "kw": {},
    "model_type": "ycn",
    "hidden_dims": [
      100
    ],
    "pool_every": 5,
    "filters_per_layer": [
      32,
      64,
      128,
      256
    ],
    "reg": 0.001,
    "lr": 0.001,
    "checkpoints": null,
    "early_stopping": 5,
    "epochs": 20,
    "batches": 10,
    "bs_test": 12,
    "bs_train": 50,
    "device": null,
    "seed": 42,
    "out_dir": "./results",
    "run_name": "exp2",
    "layers_per_block": 2
  },
  "results": {
    "num_epochs": 14,
    "train_loss": [
      1.6200472116470337,
      1.2775532007217407,
      1.102156639099121,
      0.9614325761795044,
      0.8526871204376221,
      0.7865122556686401,
      0.7295539379119873,
      0.6864646077156067,
      0.6411784291267395,
      0.6075866222381592,
      0.5745375752449036,
      0.5439544320106506,
      0.5142936706542969,
      0.4930502772331238
    ],
    "train_acc": [
      42.224,
      54.252,
      60.844,
      65.896,
      69.79,
      72.418,
      74.096,
      75.758,
      77.3,
      78.386,
      79.358,
      80.654,
      81.684,
      82.396
    ],
    "test_loss": [
      1.3904605488196837,
      1.1651178097053112,
      1.0700127065038796,
      0.9450439761439673,
      0.9320071270104221,
      0.9456437801500018,
      0.8893201351523113,
      0.906795596029404,
      0.875716819090666,
      0.9190850958621187,
      0.9058116730168569,
      0.9157452257059747,
      0.9238609549560421,
      0.9389121928464451
    ],
    "test_acc": [
      49.94,
      57.79,
      61.88,
      66.87,
      67.74,
      67.21,
      69.26,
      69.38,
      70.24,
      69.04,
      69.45,
      69.41,
      69.11,
      69.81
    ]
  }
}