{
  "config": {
    "kw": {},
    "model_type": "ycn",
    "hidden_dims": [
      100
    ],
    "pool_every": 5,
    "filters_per_layer": [
      64
    ],
    "reg": 0.001,
    "lr": 0.001,
    "checkpoints": null,
    "early_stopping": 5,
    "epochs": 20,
    "batches": 10,
    "bs_test": 12,
    "bs_train": 50,
    "device": null,
    "seed": 42,
    "out_dir": "./results",
    "run_name": "exp2",
    "layers_per_block": 2
  },
  "results": {
    "num_epochs": 13,
    "train_loss": [
      1.6440006494522095,
      1.2697433233261108,
      1.1579095125198364,
      1.0711617469787598,
      0.9882270097732544,
      0.9172156453132629,
      0.8441431522369385,
      0.7791990637779236,
      0.733921229839325,
      0.6726976633071899,
      0.6232234835624695,
      0.5895660519599915,
      0.5466985106468201
    ],
    "train_acc": [
      42.014,
      54.786,
      58.728,
      61.992,
      65.104,
      67.548,
      69.78,
      72.366,
      74.16,
      76.21,
      77.738,
      78.914,
      80.5
    ],
    "test_loss": [
      1.3823443573298786,
      1.2745320589350853,
      1.2504154091044295,
      1.1882363694320195,
      1.162490026627799,
      1.1657120448579605,
      1.1831174982573203,
      1.1384234189343967,
      1.18339768940096,
      1.2081689125270867,
      1.2184916175276541,
      1.2239439209087861,
      1.2321410071935586
    ],
    "test_acc": [
      50.16,
      54.0,
      55.67,
      57.83,
      59.6,
      58.85,
      59.41,
      61.47,
      60.33,
      61.0,
      60.26,
      60.43,
      61.3
    ]
  }
}