{
  "config": {
    "kw": {},
    "model_type": "ycn",
    "hidden_dims": [
      100
    ],
    "pool_every": 5,
    "filters_per_layer": [
      256
    ],
    "reg": 0.001,
    "lr": 0.001,
    "checkpoints": null,
    "early_stopping": 5,
    "epochs": 20,
    "batches": 10,
    "bs_test": 12,
    "bs_train": 50,
    "device": null,
    "seed": 42,
    "out_dir": "./results",
    "run_name": "exp2",
    "layers_per_block": 2
  },
  "results": {
    "num_epochs": 13,
    "train_loss": [
      1.790659785270691,
      1.3666465282440186,
      1.2306358814239502,
      1.1312763690948486,
      1.045165777206421,
      0.9605827927589417,
      0.8955703377723694,
      0.8258001208305359,
      0.7662158012390137,
      0.7063692808151245,
      0.6637130379676819,
      0.6321865320205688,
      0.585675835609436
    ],
    "train_acc": [
      38.558,
      50.682,
      55.822,
      59.718,
      62.868,
      65.828,
      68.21,
      70.56,
      72.764,
      75.096,
      76.356,
      77.424,
      79.326
    ],
    "test_loss": [
      1.4812125642951444,
      1.36478082356836,
      1.2850079100123413,
      1.3094021158395626,
      1.2396670206130551,
      1.2440036284051639,
      1.2688043518818253,
      1.2672353096002584,
      1.3436703193459294,
      1.367049819559788,
      1.384782146260464,
      1.3909513615518452,
      1.4161680776188128
    ],
    "test_acc": [
      45.97,
      50.4,
      53.17,
      54.06,
      55.82,
      56.01,
      55.95,
      56.54,
      55.41,
      56.23,
      56.53,
      56.11,
      55.95
    ]
  }
}