{
  "config": {
    "kw": {},
    "model_type": "ycn",
    "hidden_dims": [
      100
    ],
    "pool_every": 5,
    "filters_per_layer": [
      64,
      128,
      256,
      128,
      64
    ],
    "reg": 0.001,
    "lr": 0.001,
    "checkpoints": null,
    "early_stopping": 5,
    "epochs": 20,
    "batches": 10,
    "bs_test": 12,
    "bs_train": 50,
    "device": null,
    "seed": 42,
    "out_dir": "./results",
    "run_name": "exp2",
    "layers_per_block": 4
  },
  "results": {
    "num_epochs": 20,
    "train_loss": [
      1.570107102394104,
      1.2617741823196411,
      1.106585144996643,
      0.9864135384559631,
      0.89527428150177,
      0.8377976417541504,
      0.7962674498558044,
      0.7697775363922119,
      0.7401891350746155,
      0.7224948406219482,
      0.6998739838600159,
      0.6852086782455444,
      0.6741291284561157,
      0.6569016575813293,
      0.6494611501693726,
      0.6388022303581238,
      0.6245567798614502,
      0.6200317144393921,
      0.6153236627578735,
      0.6005553603172302
    ],
    "train_acc": [
      42.408,
      54.036,
      60.244,
      64.992,
      68.334,
      70.402,
      71.86,
      72.712,
      73.876,
      74.306,
      75.356,
      75.762,
      76.25,
      76.56,
      77.26,
      77.456,
      77.72,
      77.782,
      78.206,
      78.972
    ],
    "test_loss": [
      1.3684927626765317,
      1.180830216843733,
      0.9970267659468617,
      0.9011190552398455,
      0.9130174606788358,
      0.9402663690402068,
      0.7905425623559551,
      0.8139736116807953,
      0.7293326648072802,
      0.7442115984535475,
      0.7269961361190398,
      0.765130472796069,
      0.7460542508631015,
      0.7188474224741868,
      0.6799037810772371,
      0.6792095008147635,
      0.6900948031807689,
      0.7281657811879612,
      0.6840856532327277,
      0.6722763306517109
    ],
    "test_acc": [
      50.27,
      57.12,
      64.56,
      67.65,
      67.68,
      67.25,
      71.97,
      71.11,
      74.03,
      73.57,
      74.47,
      72.95,
      73.87,
      74.92,
      76.01,
      76.38,
      75.88,
      75.08,
      76.13,
      77.03
    ]
  }
}