{
  "config": {
    "kw": {},
    "model_type": "ycn",
    "hidden_dims": [
      100
    ],
    "pool_every": 10,
    "filters_per_layer": [
      32
    ],
    "reg": 0.001,
    "lr": 0.001,
    "checkpoints": null,
    "early_stopping": 5,
    "epochs": 20,
    "batches": 10,
    "bs_test": 12,
    "bs_train": 50,
    "device": null,
    "seed": 42,
    "out_dir": "./results",
    "run_name": "exp2",
    "layers_per_block": 8
  },
  "results": {
    "num_epochs": 17,
    "train_loss": [
      1.6825203895568848,
      1.4501991271972656,
      1.4004606008529663,
      1.356012225151062,
      1.3048948049545288,
      1.238792061805725,
      1.1624444723129272,
      1.0979831218719482,
      1.0196478366851807,
      0.9608165621757507,
      0.9120372533798218,
      0.8609814643859863,
      0.8275892734527588,
      0.7904204726219177,
      0.7538247108459473,
      0.7220730185508728,
      0.6856492161750793
    ],
    "train_acc": [
      41.358,
      48.748,
      50.392,
      51.94,
      53.354,
      55.882,
      58.608,
      61.012,
      63.96,
      66.47,
      67.818,
      69.516,
      71.002,
      72.352,
      73.518,
      74.66,
      75.716
    ],
    "test_loss": [
      1.4599435367315508,
      1.4418807369199016,
      1.4220007705173905,
      1.3851768174331538,
      1.3329065838377538,
      1.2376526012051878,
      1.181399357011564,
      1.1358642934930983,
      1.090210959887047,
      1.0675949636730644,
      1.0760638361318793,
      1.0781717467829763,
      1.1455618206152527,
      1.1096852011353278,
      1.1618399381887712,
      1.138643353659329,
      1.2269938640135656
    ],
    "test_acc": [
      48.01,
      48.52,
      49.43,
      50.97,
      52.46,
      56.27,
      57.75,
      59.59,
      61.35,
      62.34,
      62.16,
      62.71,
      61.08,
      61.63,
      61.55,
      61.83,
      60.64
    ]
  }
}