{
  "config": {
    "run_name": "exp2",
    "out_dir": "./results",
    "seed": 42,
    "device": null,
    "bs_train": 64,
    "bs_test": 16,
    "batches": 64,
    "epochs": 20,
    "early_stopping": 3,
    "checkpoints": null,
    "lr": 0.001,
    "reg": 0.001,
    "filters_per_layer": [
      64,
      128,
      256,
      512
    ],
    "pool_every": 6,
    "hidden_dims": [
      512
    ],
    "model_type": "ycn",
    "kw": {},
    "layers_per_block": 3
  },
  "results": {
    "num_epochs": 19,
    "train_loss": [
      1.9253863096237183,
      1.5963560342788696,
      1.432690978050232,
      1.3178045749664307,
      1.2195186614990234,
      1.136847734451294,
      1.0778932571411133,
      1.0343973636627197,
      1.001899242401123,
      0.9651510119438171,
      0.937623918056488,
      0.9121994376182556,
      0.8900772929191589,
      0.8713623285293579,
      0.8521393537521362,
      0.8371176719665527,
      0.8154370188713074,
      0.8041900992393494,
      0.7980569005012512
    ],
    "train_acc": [
      30.286,
      42.142,
      48.156,
      53.022,
      56.534,
      59.61,
      61.702,
      63.512,
      64.598,
      65.904,
      67.048,
      68.074,
      68.75,
      69.568,
      69.928,
      70.778,
      71.544,
      71.724,
      71.808
    ],
    "test_loss": [
      1.73060599193573,
      1.5153100442886354,
      1.355727264213562,
      1.2172930526733399,
      1.1611156794071198,
      1.1197762765407562,
      1.0620736485481261,
      1.0471096046447754,
      1.0378844254016877,
      1.0306811910152436,
      1.005359212064743,
      1.0175845205307006,
      1.0751845774173736,
      1.028598111820221,
      0.991476699256897,
      0.9955948726654053,
      0.9919963210582733,
      1.04381788315773,
      0.9994229932308197
    ],
    "test_acc": [
      36.62,
      44.28,
      51.02,
      56.41,
      57.87,
      59.23,
      62.13,
      63.09,
      63.2,
      64.04,
      64.92,
      64.28,
      62.46,
      64.98,
      65.43,
      65.73,
      65.18,
      63.81,
      65.4
    ]
  }
}