{
  "config": {
    "kw": {},
    "model_type": "ycn",
    "hidden_dims": [
      100
    ],
    "pool_every": 10,
    "filters_per_layer": [
      256
    ],
    "reg": 0.001,
    "lr": 0.001,
    "checkpoints": null,
    "early_stopping": 5,
    "epochs": 20,
    "batches": 10,
    "bs_test": 12,
    "bs_train": 50,
    "device": null,
    "seed": 42,
    "out_dir": "./results",
    "run_name": "exp2",
    "layers_per_block": 8
  },
  "results": {
    "num_epochs": 17,
    "train_loss": [
      1.867916464805603,
      1.4837955236434937,
      1.3560154438018799,
      1.2629092931747437,
      1.1737842559814453,
      1.0991491079330444,
      1.0297355651855469,
      0.982349157333374,
      0.9209601283073425,
      0.8804510831832886,
      0.8342181444168091,
      0.7982184290885925,
      0.7602598667144775,
      0.7251756191253662,
      0.6878182291984558,
      0.6617116332054138,
      0.6322961449623108
    ],
    "train_acc": [
      35.84,
      46.79,
      51.38,
      55.002,
      58.314,
      60.932,
      63.776,
      65.356,
      67.526,
      68.964,
      70.532,
      71.858,
      73.074,
      74.282,
      75.726,
      76.734,
      77.65
    ],
    "test_loss": [
      1.5466880821209732,
      1.469770096617637,
      1.4641663763019965,
      1.3335505751111238,
      1.2757590082194878,
      1.167722852467347,
      1.1492488209863934,
      1.1868655806322463,
      1.156656327775771,
      1.1551432052461936,
      1.1861184655869608,
      1.158346897084936,
      1.2109459449829671,
      1.2396399034298866,
      1.2405797026390366,
      1.3108673240426634,
      1.3024277041623775
    ],
    "test_acc": [
      44.15,
      47.51,
      47.22,
      52.01,
      53.88,
      58.53,
      59.58,
      58.36,
      59.67,
      59.68,
      59.77,
      60.71,
      60.29,
      58.95,
      59.13,
      58.07,
      58.5
    ]
  }
}