{
  "config": {
    "kw": {},
    "model_type": "ycn",
    "hidden_dims": [
      100
    ],
    "pool_every": 10,
    "filters_per_layer": [
      64
    ],
    "reg": 0.001,
    "lr": 0.001,
    "checkpoints": null,
    "early_stopping": 5,
    "epochs": 20,
    "batches": 10,
    "bs_test": 12,
    "bs_train": 50,
    "device": null,
    "seed": 42,
    "out_dir": "./results",
    "run_name": "exp2",
    "layers_per_block": 8
  },
  "results": {
    "num_epochs": 20,
    "train_loss": [
      1.6868339776992798,
      1.397661805152893,
      1.3000164031982422,
      1.2182544469833374,
      1.1489038467407227,
      1.0904476642608643,
      1.0332820415496826,
      0.986741304397583,
      0.9430277943611145,
      0.9030806422233582,
      0.8695724606513977,
      0.8337978720664978,
      0.810423731803894,
      0.7812536954879761,
      0.7509832978248596,
      0.7280592918395996,
      0.7063193917274475,
      0.6842503547668457,
      0.6567555665969849,
      0.6370896100997925
    ],
    "train_acc": [
      41.07,
      50.016,
      53.474,
      56.728,
      59.354,
      61.474,
      63.78,
      65.16,
      66.62,
      68.522,
      69.324,
      70.664,
      71.29,
      72.482,
      73.514,
      74.382,
      74.864,
      75.934,
      76.882,
      77.266
    ],
    "test_loss": [
      1.5649442734192316,
      1.3790050040331963,
      1.270155891454477,
      1.2410194589365586,
      1.293537444562363,
      1.2057051397056031,
      1.1279266557033114,
      1.1004752564273006,
      1.1374459691899572,
      1.0823018039159067,
      1.0837085036922702,
      1.089421307091876,
      1.0928332277660748,
      1.0941027235641754,
      1.086079514266061,
      1.1982577171185607,
      1.1605774541731646,
      1.1504166764821366,
      1.1745052496663673,
      1.199812962336363
    ],
    "test_acc": [
      43.75,
      49.81,
      54.21,
      55.84,
      55.9,
      57.92,
      60.51,
      61.67,
      59.8,
      61.87,
      61.5,
      62.71,
      61.71,
      62.85,
      63.23,
      60.34,
      61.2,
      62.4,
      61.22,
      61.75
    ]
  }
}