{
  "config": {
    "run_name": "exp2",
    "out_dir": "./results",
    "seed": 42,
    "device": null,
    "bs_train": 64,
    "bs_test": 16,
    "batches": 64,
    "epochs": 20,
    "early_stopping": 3,
    "checkpoints": null,
    "lr": 0.001,
    "reg": 0.001,
    "filters_per_layer": [
      64,
      128,
      256,
      128,
      64
    ],
    "pool_every": 6,
    "hidden_dims": [
      512
    ],
    "model_type": "ycn",
    "kw": {},
    "layers_per_block": 3
  },
  "results": {
    "num_epochs": 20,
    "train_loss": [
      1.7568224668502808,
      1.4624426364898682,
      1.3121877908706665,
      1.1714825630187988,
      1.0586596727371216,
      0.9778215289115906,
      0.9180779457092285,
      0.8616182208061218,
      0.8221395015716553,
      0.7878400683403015,
      0.7564575672149658,
      0.7332194447517395,
      0.7182977199554443,
      0.6966972351074219,
      0.6777951121330261,
      0.6572415232658386,
      0.646468460559845,
      0.6310709714889526,
      0.6229356527328491,
      0.6092965006828308
    ],
    "train_acc": [
      35.962,
      47.106,
      52.944,
      58.406,
      62.702,
      65.674,
      67.818,
      69.766,
      71.168,
      72.56,
      73.408,
      74.3,
      74.874,
      75.47,
      76.048,
      77.038,
      77.298,
      77.878,
      78.088,
      78.448
    ],
    "test_loss": [
      1.5031759722709657,
      1.3508974869728088,
      1.2682110023498536,
      1.0789143112659454,
      1.1345603632450103,
      0.9856783107280731,
      0.927108869934082,
      0.8934963169813156,
      0.8943801465511322,
      0.8482749874591827,
      0.8316783921003341,
      0.9234726629495621,
      0.8625963515996933,
      0.8487205349206924,
      0.8339964808702469,
      0.8351370399951935,
      0.8145309113264084,
      0.8838748332500458,
      0.826204382944107,
      0.8495384017586708
    ],
    "test_acc": [
      45.51,
      50.24,
      55.38,
      61.81,
      61.2,
      65.8,
      67.09,
      69.29,
      68.62,
      69.91,
      70.79,
      67.63,
      70.25,
      70.96,
      71.62,
      71.69,
      71.81,
      69.94,
      72.14,
      71.49
    ]
  }
}