{
  "config": {
    "kw": {},
    "model_type": "ycn",
    "hidden_dims": [
      100
    ],
    "pool_every": 5,
    "filters_per_layer": [
      64
    ],
    "reg": 0.001,
    "lr": 0.001,
    "checkpoints": null,
    "early_stopping": 5,
    "epochs": 20,
    "batches": 10,
    "bs_test": 12,
    "bs_train": 50,
    "device": null,
    "seed": 42,
    "out_dir": "./results",
    "run_name": "exp2",
    "layers_per_block": 4
  },
  "results": {
    "num_epochs": 10,
    "train_loss": [
      1.6431061029434204,
      1.2515524625778198,
      1.073166847229004,
      0.9641484618186951,
      0.8896265625953674,
      0.821708083152771,
      0.7705419659614563,
      0.7127090692520142,
      0.6689707636833191,
      0.6213765740394592
    ],
    "train_acc": [
      41.894,
      55.584,
      62.102,
      66.084,
      68.766,
      71.084,
      72.73,
      75.056,
      76.366,
      77.968
    ],
    "test_loss": [
      1.3387951990969176,
      1.1613990127397098,
      1.0950752992352708,
      1.0658432453406228,
      1.016853986401781,
      1.0580845701572992,
      1.0285216653161198,
      1.0955159772786018,
      1.1080215148967234,
      1.1309382041974319
    ],
    "test_acc": [
      51.67,
      58.66,
      61.2,
      62.27,
      64.54,
      63.29,
      64.52,
      63.77,
      63.49,
      63.06
    ]
  }
}