{
  "config": {
    "kw": {},
    "model_type": "ycn",
    "hidden_dims": [
      100
    ],
    "pool_every": 5,
    "filters_per_layer": [
      128
    ],
    "reg": 0.001,
    "lr": 0.001,
    "checkpoints": null,
    "early_stopping": 5,
    "epochs": 20,
    "batches": 10,
    "bs_test": 12,
    "bs_train": 50,
    "device": null,
    "seed": 42,
    "out_dir": "./results",
    "run_name": "exp2",
    "layers_per_block": 4
  },
  "results": {
    "num_epochs": 14,
    "train_loss": [
      1.667781114578247,
      1.3201185464859009,
      1.1931582689285278,
      1.0975795984268188,
      1.009187936782837,
      0.9367834329605103,
      0.8666015863418579,
      0.8081539869308472,
      0.753684401512146,
      0.7032231092453003,
      0.66217041015625,
      0.628710150718689,
      0.5909692049026489,
      0.5593138337135315
    ],
    "train_acc": [
      41.148,
      52.614,
      57.628,
      61.258,
      64.164,
      66.7,
      69.262,
      71.4,
      73.162,
      75.256,
      76.482,
      77.508,
      78.828,
      80.068
    ],
    "test_loss": [
      1.4884260006659895,
      1.3558875342710413,
      1.188461890395025,
      1.1830920313330864,
      1.203851574491397,
      1.175967032317635,
      1.1850758395928274,
      1.1436669573509435,
      1.1827578638418972,
      1.1921334563792467,
      1.257797094673919,
      1.2873802446275593,
      1.3337296029146342,
      1.3441030013082411
    ],
    "test_acc": [
      47.9,
      52.6,
      57.84,
      58.5,
      58.27,
      58.95,
      59.46,
      60.76,
      60.84,
      60.47,
      59.86,
      59.87,
      59.05,
      59.21
    ]
  }
}