{
  "config": {
    "kw": {},
    "model_type": "ycn",
    "hidden_dims": [
      100
    ],
    "pool_every": 10,
    "filters_per_layer": [
      32,
      64,
      128,
      256
    ],
    "reg": 0.001,
    "lr": 0.001,
    "checkpoints": null,
    "early_stopping": 5,
    "epochs": 20,
    "batches": 10,
    "bs_test": 12,
    "bs_train": 50,
    "device": null,
    "seed": 42,
    "out_dir": "./results",
    "run_name": "exp2",
    "layers_per_block": 8
  },
  "results": {
    "num_epochs": 20,
    "train_loss": [
      1.5557682514190674,
      1.3050256967544556,
      1.2046068906784058,
      1.1330236196517944,
      1.075604796409607,
      1.0361547470092773,
      1.0048644542694092,
      0.9782946705818176,
      0.9540294408798218,
      0.9342811107635498,
      0.9176441431045532,
      0.9005014896392822,
      0.8868335485458374,
      0.874841034412384,
      0.8616649508476257,
      0.8541260361671448,
      0.8394200801849365,
      0.8265835642814636,
      0.8197346925735474,
      0.8126540184020996
    ],
    "train_acc": [
      43.468,
      53.0,
      56.864,
      59.476,
      61.536,
      63.072,
      64.28,
      65.554,
      66.19,
      67.046,
      67.306,
      68.052,
      68.524,
      68.804,
      69.488,
      69.524,
      70.246,
      70.584,
      70.85,
      71.128
    ],
    "test_loss": [
      1.3202200820691865,
      1.2167925423355126,
      1.170566136924197,
      1.1771789764900573,
      1.1197751029718408,
      1.0760869437770593,
      1.08315630064165,
      1.073980244622528,
      1.0279749713355688,
      1.0272286804459936,
      1.0516183493877773,
      0.9941111578286694,
      1.002216185758011,
      1.0044306505569738,
      1.0089893185620686,
      0.9726334068950989,
      1.003461321784581,
      1.007100492233424,
      0.9912846761284401,
      1.0208451223226902
    ],
    "test_acc": [
      52.33,
      56.39,
      57.62,
      57.66,
      60.23,
      61.59,
      61.43,
      61.7,
      63.53,
      63.04,
      62.83,
      64.98,
      64.45,
      64.83,
      64.43,
      65.87,
      64.09,
      64.84,
      65.3,
      64.64
    ]
  }
}