{
  "config": {
    "kw": {},
    "model_type": "ycn",
    "hidden_dims": [
      100
    ],
    "pool_every": 5,
    "filters_per_layer": [
      128
    ],
    "reg": 0.001,
    "lr": 0.001,
    "checkpoints": null,
    "early_stopping": 5,
    "epochs": 20,
    "batches": 10,
    "bs_test": 12,
    "bs_train": 50,
    "device": null,
    "seed": 42,
    "out_dir": "./results",
    "run_name": "exp2",
    "layers_per_block": 2
  },
  "results": {
    "num_epochs": 15,
    "train_loss": [
      1.715008020401001,
      1.3925156593322754,
      1.2690377235412598,
      1.155545949935913,
      1.0773972272872925,
      1.0185446739196777,
      0.9622068405151367,
      0.9179006814956665,
      0.8788936734199524,
      0.8396288156509399,
      0.80495285987854,
      0.7644178867340088,
      0.7277886867523193,
      0.6890745162963867,
      0.6582991480827332
    ],
    "train_acc": [
      39.282,
      49.96,
      54.576,
      58.862,
      61.718,
      63.882,
      66.014,
      67.316,
      68.758,
      70.346,
      71.284,
      73.012,
      74.202,
      75.406,
      76.356
    ],
    "test_loss": [
      1.5086673398097927,
      1.343279868149929,
      1.3633002653110513,
      1.2329612397890297,
      1.200628427078398,
      1.2488446236728765,
      1.1861568415265002,
      1.2229645165036336,
      1.2602844131078652,
      1.20902959369927,
      1.2849195430890548,
      1.2366375927980855,
      1.2847252210838904,
      1.2925572795905083,
      1.291961413100183
    ],
    "test_acc": [
      45.55,
      51.95,
      51.63,
      55.38,
      57.02,
      56.73,
      58.17,
      57.71,
      57.09,
      58.44,
      56.64,
      57.87,
      57.01,
      58.18,
      58.07
    ]
  }
}