{
  "config": {
    "run_name": "exp2",
    "out_dir": "./results",
    "seed": 42,
    "device": null,
    "bs_train": 50,
    "bs_test": 12,
    "batches": 10,
    "epochs": 10,
    "early_stopping": 5,
    "checkpoints": null,
    "lr": 0.001,
    "reg": 0.001,
    "filters_per_layer": [
      32,
      64,
      256
    ],
    "pool_every": 5,
    "hidden_dims": [
      100
    ],
    "model_type": "ycn",
    "kw": {},
    "layers_per_block": 6
  },
  "results": {
    "num_epochs": 10,
    "train_loss": [
      1.9135154485702515,
      1.6236134767532349,
      1.4914295673370361,
      1.3855111598968506,
      1.2948052883148193,
      1.220356822013855,
      1.1601132154464722,
      1.1122629642486572,
      1.071780800819397,
      1.0383310317993164
    ],
    "train_acc": [
      28.952,
      40.684,
      45.472,
      50.006,
      53.76,
      56.394,
      58.78,
      60.392,
      62.126,
      63.576
    ],
    "test_loss": [
      1.7258962886653644,
      1.4767072200060463,
      1.3688387737857353,
      1.2653955573515354,
      1.1957121344207289,
      1.120253833399402,
      1.0640555194241823,
      1.0763258398008004,
      0.995530436918747,
      1.0781141093058837
    ],
    "test_acc": [
      36.14,
      45.41,
      50.11,
      53.73,
      57.16,
      60.1,
      62.2,
      62.13,
      64.76,
      61.17
    ]
  }
}