{
  "config": {
    "run_name": "exp2",
    "out_dir": "./results",
    "seed": 42,
    "device": null,
    "bs_train": 50,
    "bs_test": 12,
    "batches": 10,
    "epochs": 10,
    "early_stopping": 5,
    "checkpoints": null,
    "lr": 0.001,
    "reg": 0.001,
    "filters_per_layer": [
      64
    ],
    "pool_every": 5,
    "hidden_dims": [
      100
    ],
    "model_type": "ycn",
    "kw": {},
    "layers_per_block": 3
  },
  "results": {
    "num_epochs": 10,
    "train_loss": [
      1.6762752532958984,
      1.3414411544799805,
      1.1868932247161865,
      1.0771450996398926,
      1.000116229057312,
      0.93079674243927,
      0.867078959941864,
      0.8136004209518433,
      0.7528563141822815,
      0.7048963308334351
    ],
    "train_acc": [
      39.812,
      51.964,
      57.782,
      61.988,
      64.832,
      67.168,
      69.314,
      71.294,
      73.328,
      75.054
    ],
    "test_loss": [
      1.3953722803283939,
      1.2804918685834186,
      1.1864844414112952,
      1.2052208465530718,
      1.1411060746982515,
      1.172338599549066,
      1.1804614073867135,
      1.1803120635360551,
      1.2171436593436795,
      1.2374428469214223
    ],
    "test_acc": [
      49.06,
      53.74,
      57.2,
      57.52,
      59.17,
      59.36,
      59.11,
      59.11,
      58.7,
      59.5
    ]
  }
}