{
  "config": {
    "kw": {},
    "model_type": "ycn",
    "hidden_dims": [
      100
    ],
    "pool_every": 5,
    "filters_per_layer": [
      32
    ],
    "reg": 0.001,
    "lr": 0.001,
    "checkpoints": null,
    "early_stopping": 5,
    "epochs": 20,
    "batches": 10,
    "bs_test": 12,
    "bs_train": 50,
    "device": null,
    "seed": 42,
    "out_dir": "./results",
    "run_name": "exp2",
    "layers_per_block": 4
  },
  "results": {
    "num_epochs": 10,
    "train_loss": [
      1.611985445022583,
      1.2854753732681274,
      1.143764615058899,
      1.0364657640457153,
      0.9655572772026062,
      0.9085139036178589,
      0.8570590615272522,
      0.8085715174674988,
      0.7578489184379578,
      0.7170082926750183
    ],
    "train_acc": [
      43.234,
      54.418,
      59.634,
      63.492,
      65.92,
      68.152,
      69.92,
      71.366,
      73.442,
      74.682
    ],
    "test_loss": [
      1.3799426485237172,
      1.2332522763694218,
      1.1028629114016069,
      1.085783848373724,
      1.0385929458647323,
      1.0524870600703238,
      1.062230317212409,
      1.0914154455369467,
      1.114700883466134,
      1.1017613821267653
    ],
    "test_acc": [
      50.08,
      55.98,
      61.06,
      62.35,
      63.85,
      62.95,
      62.46,
      62.35,
      62.25,
      63.31
    ]
  }
}