{
  "config": {
    "kw": {},
    "model_type": "ycn",
    "hidden_dims": [
      100
    ],
    "pool_every": 10,
    "filters_per_layer": [
      128
    ],
    "reg": 0.001,
    "lr": 0.001,
    "checkpoints": null,
    "early_stopping": 5,
    "epochs": 20,
    "batches": 10,
    "bs_test": 12,
    "bs_train": 50,
    "device": null,
    "seed": 42,
    "out_dir": "./results",
    "run_name": "exp2",
    "layers_per_block": 8
  },
  "results": {
    "num_epochs": 12,
    "train_loss": [
      1.7033405303955078,
      1.3675851821899414,
      1.2509779930114746,
      1.165500283241272,
      1.0844987630844116,
      1.015552282333374,
      0.958001971244812,
      0.8977941274642944,
      0.8598771691322327,
      0.8126317262649536,
      0.7781993746757507,
      0.7404385805130005
    ],
    "train_acc": [
      40.908,
      51.034,
      55.642,
      58.774,
      61.97,
      64.338,
      66.186,
      68.506,
      69.846,
      71.408,
      72.49,
      73.94
    ],
    "test_loss": [
      1.4871470682340846,
      1.3757418776802022,
      1.2613953327675231,
      1.215435219754418,
      1.1587386642643016,
      1.1459032978406913,
      1.1110338032495775,
      1.1061054184246693,
      1.1112113504779997,
      1.144150674110837,
      1.1398657446356415,
      1.1758178257220369
    ],
    "test_acc": [
      46.98,
      50.95,
      55.46,
      56.8,
      59.19,
      59.69,
      61.88,
      61.68,
      61.73,
      61.67,
      61.34,
      61.3
    ]
  }
}