{
  "config": {
    "kw": {},
    "model_type": "ycn",
    "hidden_dims": [
      100
    ],
    "pool_every": 5,
    "filters_per_layer": [
      64,
      128,
      256,
      128,
      64
    ],
    "reg": 0.001,
    "lr": 0.001,
    "checkpoints": null,
    "early_stopping": 5,
    "epochs": 20,
    "batches": 10,
    "bs_test": 12,
    "bs_train": 50,
    "device": null,
    "seed": 42,
    "out_dir": "./results",
    "run_name": "exp2",
    "layers_per_block": 2
  },
  "results": {
    "num_epochs": 20,
    "train_loss": [
      1.4374051094055176,
      1.0860003232955933,
      0.9366128444671631,
      0.854171097278595,
      0.7912430167198181,
      0.7462659478187561,
      0.711585283279419,
      0.6787993311882019,
      0.6582798361778259,
      0.6338486075401306,
      0.6139630675315857,
      0.595122754573822,
      0.5812402367591858,
      0.569654643535614,
      0.5578771829605103,
      0.5468220114707947,
      0.5334562063217163,
      0.5252050757408142,
      0.5184512138366699,
      0.5076792240142822
    ],
    "train_acc": [
      48.212,
      61.59,
      67.294,
      69.97,
      72.314,
      73.534,
      74.93,
      76.016,
      76.794,
      77.74,
      78.256,
      79.038,
      79.286,
      79.906,
      80.104,
      80.588,
      81.166,
      81.374,
      81.44,
      81.898
    ],
    "test_loss": [
      1.1998321373256848,
      1.0510716997176337,
      0.8877638415824309,
      0.8633843210818385,
      0.8131239786386776,
      0.8018255997404492,
      0.8266946656240833,
      0.8173414303315915,
      0.834421468760184,
      0.7834391793508609,
      0.7948159220353733,
      0.7849996832759975,
      0.7909216241066833,
      0.7924057596968376,
      0.78911255010598,
      0.7692795505331789,
      0.8076977608167082,
      0.8021144219082322,
      0.8257253851777286,
      0.8073053889700191
    ],
    "test_acc": [
      56.95,
      62.89,
      68.65,
      69.2,
      71.58,
      71.46,
      70.61,
      71.43,
      70.93,
      72.8,
      72.62,
      72.9,
      72.57,
      72.64,
      73.02,
      74.38,
      72.55,
      72.52,
      72.95,
      73.04
    ]
  }
}