{
  "config": {
    "run_name": "test_run",
    "out_dir": "./results",
    "seed": 42,
    "device": null,
    "bs_train": 50,
    "bs_test": 12,
    "batches": 10,
    "epochs": 10,
    "early_stopping": 5,
    "checkpoints": null,
    "lr": 0.001,
    "reg": 0.001,
    "filters_per_layer": [
      32,
      64
    ],
    "pool_every": 1,
    "hidden_dims": [
      100
    ],
    "model_type": "resnet",
    "kw": {},
    "layers_per_block": 1
  },
  "results": {
    "num_epochs": 10,
    "train_loss": [
      1.4611674547195435,
      1.1318891048431396,
      0.9977291226387024,
      0.9155259728431702,
      0.8577423095703125,
      0.8076526522636414,
      0.7646371126174927,
      0.7220285534858704,
      0.6881526708602905,
      0.659717321395874
    ],
    "train_acc": [
      47.478,
      59.912,
      64.756,
      67.946,
      70.102,
      71.788,
      73.318,
      74.738,
      75.972,
      76.998
    ],
    "test_loss": [
      1.1950919270443974,
      1.05835213846297,
      0.9729703263484603,
      0.9835773026771683,
      0.9173037369224093,
      0.8841034609565346,
      0.8918218474379547,
      0.8561724859426062,
      0.8227710890666329,
      0.8193108265687951
    ],
    "test_acc": [
      57.49,
      63.26,
      65.75,
      65.87,
      67.83,
      69.16,
      69.51,
      70.21,
      71.89,
      71.84
    ]
  }
}